interrobang, 0x2049
tm, 0x2122
information_source, 0x2139
left_right_arrow, 0x2194
arrow_up_down, 0x2195
arrow_upper_left, 0x2196
arrow_upper_right, 0x2197
arrow_lower_right, 0x2198
arrow_lower_left, 0x2199
keyboard, 0x2328
sunny, 0x2600
cloud, 0x2601
umbrella2, 0x2602
snowman2, 0x2603
comet, 0x2604
ballot_box_with_check, 0x2611
umbrella, 0x2614
coffee, 0x2615
shamrock, 0x2618
skull_crossbones, 0x2620
radioactive, 0x2622
biohazard, 0x2623
orthodox_cross, 0x2626
wheel_of_dharma, 0x2638
frowning2, 0x2639
female_sign, 0x2640
male_sign, 0x2642
aries, 0x2648
taurus, 0x2649
sagittarius, 0x2650
capricorn, 0x2651
aquarius, 0x2652
pisces, 0x2653
spades, 0x2660
clubs, 0x2663
hearts, 0x2665
diamonds, 0x2666
hotsprings, 0x2668
hammer_pick, 0x2692
anchor, 0x2693
crossed_swords, 0x2694
medical_symbol, 0x2695
scales, 0x2696
alembic, 0x2697
gear, 0x2699
scissors, 0x2702
white_check_mark, 0x2705
airplane, 0x2708
envelope, 0x2709
black_nib, 0x2712
heavy_check_mark, 0x2714
heavy_multiplication_x, 0x2716
star_of_david, 0x2721
sparkles, 0x2728
eight_spoked_asterisk, 0x2733
eight_pointed_black_star, 0x2734
snowflake, 0x2744
sparkle, 0x2747
question, 0x2753
grey_question, 0x2754
grey_exclamation, 0x2755
exclamation, 0x2757
heart_exclamation, 0x2763
heart, 0x2764
heavy_plus_sign, 0x2795
heavy_minus_sign, 0x2796
heavy_division_sign, 0x2797
arrow_heading_up, 0x2934
arrow_heading_down, 0x2935
wavy_dash, 0x3030
congratulations, 0x3297
secret, 0x3299
grinning, 0x1f600
smiley, 0x1f603
smile, 0x1f604
grin, 0x1f601
laughing, 0x1f606
sweat_smile, 0x1f605
joy, 0x1f602
rofl, 0x1f923
relaxed, 0x263a
blush, 0x1f60a
innocent, 0x1f607
slight_smile, 0x1f642
upside_down, 0x1f643
wink, 0x1f609
relieved, 0x1f60c
heart_eyes, 0x1f60d
kissing_heart, 0x1f618
kissing, 0x1f617
kissing_smiling_eyes, 0x1f619
kissing_closed_eyes, 0x1f61a
yum, 0x1f60b
stuck_out_tongue_winking_eye, 0x1f61c
stuck_out_tongue_closed_eyes, 0x1f61d
stuck_out_tongue, 0x1f61b
money_mouth, 0x1f911
hugging, 0x1f917
nerd, 0x1f913
sunglasses, 0x1f60e
clown, 0x1f921
cowboy, 0x1f920
smirk, 0x1f60f
unamused, 0x1f612
disappointed, 0x1f61e
pensive, 0x1f614
worried, 0x1f61f
confused, 0x1f615
slight_frown, 0x1f641
persevere, 0x1f623
confounded, 0x1f616
tired_face, 0x1f62b
weary, 0x1f629
triumph, 0x1f624
angry, 0x1f620
rage, 0x1f621
no_mouth, 0x1f636
neutral_face, 0x1f610
expressionless, 0x1f611
hushed, 0x1f62f
frowning, 0x1f626
anguished, 0x1f627
open_mouth, 0x1f62e
astonished, 0x1f632
dizzy_face, 0x1f635
flushed, 0x1f633
scream, 0x1f631
fearful, 0x1f628
cold_sweat, 0x1f630
cry, 0x1f622
disappointed_relieved, 0x1f625
drooling_face, 0x1f924
sob, 0x1f62d
sweat, 0x1f613
sleepy, 0x1f62a
sleeping, 0x1f634
rolling_eyes, 0x1f644
thinking, 0x1f914
lying_face, 0x1f925
grimacing, 0x1f62c
zipper_mouth, 0x1f910
nauseated_face, 0x1f922
sneezing_face, 0x1f927
mask, 0x1f637
thermometer_face, 0x1f912
head_bandage, 0x1f915
smiling_imp, 0x1f608
imp, 0x1f47f
japanese_ogre, 0x1f479
japanese_goblin, 0x1f47a
poop, 0x1f4a9
ghost, 0x1f47b
skull, 0x1f480
alien, 0x1f47d
space_invader, 0x1f47e
robot, 0x1f916
jack_o_lantern, 0x1f383
smiley_cat, 0x1f63a
smile_cat, 0x1f638
joy_cat, 0x1f639
heart_eyes_cat, 0x1f63b
smirk_cat, 0x1f63c
kissing_cat, 0x1f63d
scream_cat, 0x1f640
crying_cat_face, 0x1f63f
pouting_cat, 0x1f63e
open_hands, 0x1f450
open_hands_tone1, 0x1f450,0x1f3fb
open_hands_tone2, 0x1f450,0x1f3fc
open_hands_tone3, 0x1f450,0x1f3fd
open_hands_tone4, 0x1f450,0x1f3fe
open_hands_tone5, 0x1f450,0x1f3ff
raised_hands, 0x1f64c
raised_hands_tone1, 0x1f64c,0x1f3fb
raised_hands_tone2, 0x1f64c,0x1f3fc
raised_hands_tone3, 0x1f64c,0x1f3fd
raised_hands_tone4, 0x1f64c,0x1f3fe
raised_hands_tone5, 0x1f64c,0x1f3ff
clap, 0x1f44f
clap_tone1, 0x1f44f,0x1f3fb
clap_tone2, 0x1f44f,0x1f3fc
clap_tone3, 0x1f44f,0x1f3fd
clap_tone4, 0x1f44f,0x1f3fe
clap_tone5, 0x1f44f,0x1f3ff
pray, 0x1f64f
pray_tone1, 0x1f64f,0x1f3fb
pray_tone2, 0x1f64f,0x1f3fc
pray_tone3, 0x1f64f,0x1f3fd
pray_tone4, 0x1f64f,0x1f3fe
pray_tone5, 0x1f64f,0x1f3ff
handshake, 0x1f91d
thumbsup, 0x1f44d
thumbsup_tone1, 0x1f44d,0x1f3fb
thumbsup_tone2, 0x1f44d,0x1f3fc
thumbsup_tone3, 0x1f44d,0x1f3fd
thumbsup_tone4, 0x1f44d,0x1f3fe
thumbsup_tone5, 0x1f44d,0x1f3ff
thumbsdown, 0x1f44e
thumbsdown_tone1, 0x1f44e,0x1f3fb
thumbsdown_tone2, 0x1f44e,0x1f3fc
thumbsdown_tone3, 0x1f44e,0x1f3fd
thumbsdown_tone4, 0x1f44e,0x1f3fe
thumbsdown_tone5, 0x1f44e,0x1f3ff
punch, 0x1f44a
punch_tone1, 0x1f44a,0x1f3fb
punch_tone2, 0x1f44a,0x1f3fc
punch_tone3, 0x1f44a,0x1f3fd
punch_tone4, 0x1f44a,0x1f3fe
punch_tone5, 0x1f44a,0x1f3ff
fist, 0x270a
fist_tone1, 0x270a,0x1f3fb
fist_tone2, 0x270a,0x1f3fc
fist_tone3, 0x270a,0x1f3fd
fist_tone4, 0x270a,0x1f3fe
fist_tone5, 0x270a,0x1f3ff
left_facing_fist, 0x1f91b
left_facing_fist_tone1, 0x1f91b,0x1f3fb
left_facing_fist_tone2, 0x1f91b,0x1f3fc
left_facing_fist_tone3, 0x1f91b,0x1f3fd
left_facing_fist_tone4, 0x1f91b,0x1f3fe
left_facing_fist_tone5, 0x1f91b,0x1f3ff
right_facing_fist, 0x1f91c
right_facing_fist_tone1, 0x1f91c,0x1f3fb
right_facing_fist_tone2, 0x1f91c,0x1f3fc
right_facing_fist_tone3, 0x1f91c,0x1f3fd
right_facing_fist_tone4, 0x1f91c,0x1f3fe
right_facing_fist_tone5, 0x1f91c,0x1f3ff
fingers_crossed, 0x1f91e
fingers_crossed_tone1, 0x1f91e,0x1f3fb
fingers_crossed_tone2, 0x1f91e,0x1f3fc
fingers_crossed_tone3, 0x1f91e,0x1f3fd
fingers_crossed_tone4, 0x1f91e,0x1f3fe
fingers_crossed_tone5, 0x1f91e,0x1f3ff
v, 0x270c
v_tone1, 0x270c,0x1f3fb
v_tone2, 0x270c,0x1f3fc
v_tone3, 0x270c,0x1f3fd
v_tone4, 0x270c,0x1f3fe
v_tone5, 0x270c,0x1f3ff
metal, 0x1f918
metal_tone1, 0x1f918,0x1f3fb
metal_tone2, 0x1f918,0x1f3fc
metal_tone3, 0x1f918,0x1f3fd
metal_tone4, 0x1f918,0x1f3fe
metal_tone5, 0x1f918,0x1f3ff
ok_hand, 0x1f44c
ok_hand_tone1, 0x1f44c,0x1f3fb
ok_hand_tone2, 0x1f44c,0x1f3fc
ok_hand_tone3, 0x1f44c,0x1f3fd
ok_hand_tone4, 0x1f44c,0x1f3fe
ok_hand_tone5, 0x1f44c,0x1f3ff
point_left, 0x1f448
point_left_tone1, 0x1f448,0x1f3fb
point_left_tone2, 0x1f448,0x1f3fc
point_left_tone3, 0x1f448,0x1f3fd
point_left_tone4, 0x1f448,0x1f3fe
point_left_tone5, 0x1f448,0x1f3ff
point_right, 0x1f449
point_right_tone1, 0x1f449,0x1f3fb
point_right_tone2, 0x1f449,0x1f3fc
point_right_tone3, 0x1f449,0x1f3fd
point_right_tone4, 0x1f449,0x1f3fe
point_right_tone5, 0x1f449,0x1f3ff
point_up_2, 0x1f446
point_up_2_tone1, 0x1f446,0x1f3fb
point_up_2_tone2, 0x1f446,0x1f3fc
point_up_2_tone3, 0x1f446,0x1f3fd
point_up_2_tone4, 0x1f446,0x1f3fe
point_up_2_tone5, 0x1f446,0x1f3ff
point_down, 0x1f447
point_down_tone1, 0x1f447,0x1f3fb
point_down_tone2, 0x1f447,0x1f3fc
point_down_tone3, 0x1f447,0x1f3fd
point_down_tone4, 0x1f447,0x1f3fe
point_down_tone5, 0x1f447,0x1f3ff
point_up, 0x261d
point_up_tone1, 0x261d,0x1f3fb
point_up_tone2, 0x261d,0x1f3fc
point_up_tone3, 0x261d,0x1f3fd
point_up_tone4, 0x261d,0x1f3fe
point_up_tone5, 0x261d,0x1f3ff
raised_hand, 0x270b
raised_hand_tone1, 0x270b,0x1f3fb
raised_hand_tone2, 0x270b,0x1f3fc
raised_hand_tone3, 0x270b,0x1f3fd
raised_hand_tone4, 0x270b,0x1f3fe
raised_hand_tone5, 0x270b,0x1f3ff
raised_back_of_hand, 0x1f91a
raised_back_of_hand_tone1, 0x1f91a,0x1f3fb
raised_back_of_hand_tone2, 0x1f91a,0x1f3fc
raised_back_of_hand_tone3, 0x1f91a,0x1f3fd
raised_back_of_hand_tone4, 0x1f91a,0x1f3fe
raised_back_of_hand_tone5, 0x1f91a,0x1f3ff
hand_splayed, 0x1f590
hand_splayed_tone1, 0x1f590,0x1f3fb
hand_splayed_tone2, 0x1f590,0x1f3fc
hand_splayed_tone3, 0x1f590,0x1f3fd
hand_splayed_tone4, 0x1f590,0x1f3fe
hand_splayed_tone5, 0x1f590,0x1f3ff
vulcan, 0x1f596
vulcan_tone1, 0x1f596,0x1f3fb
vulcan_tone2, 0x1f596,0x1f3fc
vulcan_tone3, 0x1f596,0x1f3fd
vulcan_tone4, 0x1f596,0x1f3fe
vulcan_tone5, 0x1f596,0x1f3ff
wave, 0x1f44b
wave_tone1, 0x1f44b,0x1f3fb
wave_tone2, 0x1f44b,0x1f3fc
wave_tone3, 0x1f44b,0x1f3fd
wave_tone4, 0x1f44b,0x1f3fe
wave_tone5, 0x1f44b,0x1f3ff
call_me, 0x1f919
call_me_tone1, 0x1f919,0x1f3fb
call_me_tone2, 0x1f919,0x1f3fc
call_me_tone3, 0x1f919,0x1f3fd
call_me_tone4, 0x1f919,0x1f3fe
call_me_tone5, 0x1f919,0x1f3ff
muscle, 0x1f4aa
muscle_tone1, 0x1f4aa,0x1f3fb
muscle_tone2, 0x1f4aa,0x1f3fc
muscle_tone3, 0x1f4aa,0x1f3fd
muscle_tone4, 0x1f4aa,0x1f3fe
muscle_tone5, 0x1f4aa,0x1f3ff
middle_finger, 0x1f595
middle_finger_tone1, 0x1f595,0x1f3fb
middle_finger_tone2, 0x1f595,0x1f3fc
middle_finger_tone3, 0x1f595,0x1f3fd
middle_finger_tone4, 0x1f595,0x1f3fe
middle_finger_tone5, 0x1f595,0x1f3ff
writing_hand, 0x270d
writing_hand_tone1, 0x270d,0x1f3fb
writing_hand_tone2, 0x270d,0x1f3fc
writing_hand_tone3, 0x270d,0x1f3fd
writing_hand_tone4, 0x270d,0x1f3fe
writing_hand_tone5, 0x270d,0x1f3ff
selfie, 0x1f933
selfie_tone1, 0x1f933,0x1f3fb
selfie_tone2, 0x1f933,0x1f3fc
selfie_tone3, 0x1f933,0x1f3fd
selfie_tone4, 0x1f933,0x1f3fe
selfie_tone5, 0x1f933,0x1f3ff
nail_care, 0x1f485
nail_care_tone1, 0x1f485,0x1f3fb
nail_care_tone2, 0x1f485,0x1f3fc
nail_care_tone3, 0x1f485,0x1f3fd
nail_care_tone4, 0x1f485,0x1f3fe
nail_care_tone5, 0x1f485,0x1f3ff
ring, 0x1f48d
lipstick, 0x1f484
kiss, 0x1f48b
lips, 0x1f444
tongue, 0x1f445
ear, 0x1f442
ear_tone1, 0x1f442,0x1f3fb
ear_tone2, 0x1f442,0x1f3fc
ear_tone3, 0x1f442,0x1f3fd
ear_tone4, 0x1f442,0x1f3fe
ear_tone5, 0x1f442,0x1f3ff
nose, 0x1f443
nose_tone1, 0x1f443,0x1f3fb
nose_tone2, 0x1f443,0x1f3fc
nose_tone3, 0x1f443,0x1f3fd
nose_tone4, 0x1f443,0x1f3fe
nose_tone5, 0x1f443,0x1f3ff
footprints, 0x1f463
eye, 0x1f441
eyes, 0x1f440
speaking_head, 0x1f5e3
bust_in_silhouette, 0x1f464
busts_in_silhouette, 0x1f465
baby, 0x1f476
baby_tone1, 0x1f476,0x1f3fb
baby_tone2, 0x1f476,0x1f3fc
baby_tone3, 0x1f476,0x1f3fd
baby_tone4, 0x1f476,0x1f3fe
baby_tone5, 0x1f476,0x1f3ff
boy, 0x1f466
boy_tone1, 0x1f466,0x1f3fb
boy_tone2, 0x1f466,0x1f3fc
boy_tone3, 0x1f466,0x1f3fd
boy_tone4, 0x1f466,0x1f3fe
boy_tone5, 0x1f466,0x1f3ff
girl, 0x1f467
girl_tone1, 0x1f467,0x1f3fb
girl_tone2, 0x1f467,0x1f3fc
girl_tone3, 0x1f467,0x1f3fd
girl_tone4, 0x1f467,0x1f3fe
girl_tone5, 0x1f467,0x1f3ff
man, 0x1f468
man_tone1, 0x1f468,0x1f3fb
man_tone2, 0x1f468,0x1f3fc
man_tone3, 0x1f468,0x1f3fd
man_tone4, 0x1f468,0x1f3fe
man_tone5, 0x1f468,0x1f3ff
woman, 0x1f469
woman_tone1, 0x1f469,0x1f3fb
woman_tone2, 0x1f469,0x1f3fc
woman_tone3, 0x1f469,0x1f3fd
woman_tone4, 0x1f469,0x1f3fe
woman_tone5, 0x1f469,0x1f3ff
blond-haired_woman, 0x1f471,0x2640
blond-haired_woman_tone1, 0x1f471,0x1f3fb,0x2640
blond-haired_woman_tone2, 0x1f471,0x1f3fc,0x2640
blond-haired_woman_tone3, 0x1f471,0x1f3fd,0x2640
blond-haired_woman_tone4, 0x1f471,0x1f3fe,0x2640
blond-haired_woman_tone5, 0x1f471,0x1f3ff,0x2640
blond_haired_person, 0x1f471
blond_haired_person_tone1, 0x1f471,0x1f3fb
blond_haired_person_tone2, 0x1f471,0x1f3fc
blond_haired_person_tone3, 0x1f471,0x1f3fd
blond_haired_person_tone4, 0x1f471,0x1f3fe
blond_haired_person_tone5, 0x1f471,0x1f3ff
blond-haired_man, 0x1f471,0x2642
blond-haired_man_tone5, 0x1f471,0x1f3ff,0x2642
blond-haired_man_tone4, 0x1f471,0x1f3fe,0x2642
blond-haired_man_tone3, 0x1f471,0x1f3fd,0x2642
blond-haired_man_tone2, 0x1f471,0x1f3fc,0x2642
blond-haired_man_tone1, 0x1f471,0x1f3fb,0x2642
older_man, 0x1f474
older_man_tone1, 0x1f474,0x1f3fb
older_man_tone2, 0x1f474,0x1f3fc
older_man_tone3, 0x1f474,0x1f3fd
older_man_tone4, 0x1f474,0x1f3fe
older_man_tone5, 0x1f474,0x1f3ff
older_woman, 0x1f475
older_woman_tone1, 0x1f475,0x1f3fb
older_woman_tone2, 0x1f475,0x1f3fc
older_woman_tone3, 0x1f475,0x1f3fd
older_woman_tone4, 0x1f475,0x1f3fe
older_woman_tone5, 0x1f475,0x1f3ff
man_with_chinese_cap, 0x1f472
man_with_chinese_cap_tone1, 0x1f472,0x1f3fb
man_with_chinese_cap_tone2, 0x1f472,0x1f3fc
man_with_chinese_cap_tone3, 0x1f472,0x1f3fd
man_with_chinese_cap_tone4, 0x1f472,0x1f3fe
man_with_chinese_cap_tone5, 0x1f472,0x1f3ff
woman_wearing_turban, 0x1f473,0x2640
woman_wearing_turban_tone1, 0x1f473,0x1f3fb,0x2640
woman_wearing_turban_tone2, 0x1f473,0x1f3fc,0x2640
woman_wearing_turban_tone3, 0x1f473,0x1f3fd,0x2640
woman_wearing_turban_tone4, 0x1f473,0x1f3fe,0x2640
woman_wearing_turban_tone5, 0x1f473,0x1f3ff,0x2640
person_wearing_turban, 0x1f473
person_wearing_turban_tone1, 0x1f473,0x1f3fb
person_wearing_turban_tone2, 0x1f473,0x1f3fc
person_wearing_turban_tone3, 0x1f473,0x1f3fd
person_wearing_turban_tone4, 0x1f473,0x1f3fe
person_wearing_turban_tone5, 0x1f473,0x1f3ff
man_wearing_turban, 0x1f473,0x2642
man_wearing_turban_tone5, 0x1f473,0x1f3ff,0x2642
man_wearing_turban_tone4, 0x1f473,0x1f3fe,0x2642
man_wearing_turban_tone3, 0x1f473,0x1f3fd,0x2642
man_wearing_turban_tone2, 0x1f473,0x1f3fc,0x2642
man_wearing_turban_tone1, 0x1f473,0x1f3fb,0x2642
woman_police_officer, 0x1f46e,0x2640
woman_police_officer_tone1, 0x1f46e,0x1f3fb,0x2640
woman_police_officer_tone2, 0x1f46e,0x1f3fc,0x2640
woman_police_officer_tone3, 0x1f46e,0x1f3fd,0x2640
woman_police_officer_tone4, 0x1f46e,0x1f3fe,0x2640
woman_police_officer_tone5, 0x1f46e,0x1f3ff,0x2640
police_officer, 0x1f46e
police_officer_tone1, 0x1f46e,0x1f3fb
police_officer_tone2, 0x1f46e,0x1f3fc
police_officer_tone3, 0x1f46e,0x1f3fd
police_officer_tone4, 0x1f46e,0x1f3fe
police_officer_tone5, 0x1f46e,0x1f3ff
man_police_officer, 0x1f46e,0x2642
man_police_officer_tone5, 0x1f46e,0x1f3ff,0x2642
man_police_officer_tone4, 0x1f46e,0x1f3fe,0x2642
man_police_officer_tone3, 0x1f46e,0x1f3fd,0x2642
man_police_officer_tone2, 0x1f46e,0x1f3fc,0x2642
man_police_officer_tone1, 0x1f46e,0x1f3fb,0x2642
woman_construction_worker, 0x1f477,0x2640
woman_construction_worker_tone1, 0x1f477,0x1f3fb,0x2640
woman_construction_worker_tone2, 0x1f477,0x1f3fc,0x2640
woman_construction_worker_tone3, 0x1f477,0x1f3fd,0x2640
woman_construction_worker_tone4, 0x1f477,0x1f3fe,0x2640
woman_construction_worker_tone5, 0x1f477,0x1f3ff,0x2640
construction_worker, 0x1f477
construction_worker_tone1, 0x1f477,0x1f3fb
construction_worker_tone2, 0x1f477,0x1f3fc
construction_worker_tone3, 0x1f477,0x1f3fd
construction_worker_tone4, 0x1f477,0x1f3fe
construction_worker_tone5, 0x1f477,0x1f3ff
man_construction_worker, 0x1f477,0x2642
man_construction_worker_tone5, 0x1f477,0x1f3ff,0x2642
man_construction_worker_tone4, 0x1f477,0x1f3fe,0x2642
man_construction_worker_tone3, 0x1f477,0x1f3fd,0x2642
man_construction_worker_tone2, 0x1f477,0x1f3fc,0x2642
man_construction_worker_tone1, 0x1f477,0x1f3fb,0x2642
woman_guard, 0x1f482,0x2640
woman_guard_tone1, 0x1f482,0x1f3fb,0x2640
woman_guard_tone2, 0x1f482,0x1f3fc,0x2640
woman_guard_tone3, 0x1f482,0x1f3fd,0x2640
woman_guard_tone4, 0x1f482,0x1f3fe,0x2640
woman_guard_tone5, 0x1f482,0x1f3ff,0x2640
guard, 0x1f482
guard_tone1, 0x1f482,0x1f3fb
guard_tone2, 0x1f482,0x1f3fc
guard_tone3, 0x1f482,0x1f3fd
guard_tone4, 0x1f482,0x1f3fe
guard_tone5, 0x1f482,0x1f3ff
man_guard, 0x1f482,0x2642
man_guard_tone5, 0x1f482,0x1f3ff,0x2642
man_guard_tone4, 0x1f482,0x1f3fe,0x2642
man_guard_tone3, 0x1f482,0x1f3fd,0x2642
man_guard_tone2, 0x1f482,0x1f3fc,0x2642
man_guard_tone1, 0x1f482,0x1f3fb,0x2642
woman_detective, 0x1f575,0x2640
woman_detective_tone1, 0x1f575,0x1f3fb,0x2640
woman_detective_tone2, 0x1f575,0x1f3fc,0x2640
woman_detective_tone3, 0x1f575,0x1f3fd,0x2640
woman_detective_tone4, 0x1f575,0x1f3fe,0x2640
woman_detective_tone5, 0x1f575,0x1f3ff,0x2640
detective, 0x1f575
detective_tone1, 0x1f575,0x1f3fb
detective_tone2, 0x1f575,0x1f3fc
detective_tone3, 0x1f575,0x1f3fd
detective_tone4, 0x1f575,0x1f3fe
detective_tone5, 0x1f575,0x1f3ff
man_detective, 0x1f575,0x2642
man_detective_tone5, 0x1f575,0x1f3ff,0x2642
man_detective_tone4, 0x1f575,0x1f3fe,0x2642
man_detective_tone3, 0x1f575,0x1f3fd,0x2642
man_detective_tone2, 0x1f575,0x1f3fc,0x2642
man_detective_tone1, 0x1f575,0x1f3fb,0x2642
woman_health_worker, 0x1f469,0x2695
woman_health_worker_tone1, 0x1f469,0x1f3fb,0x2695
woman_health_worker_tone2, 0x1f469,0x1f3fc,0x2695
woman_health_worker_tone3, 0x1f469,0x1f3fd,0x2695
woman_health_worker_tone4, 0x1f469,0x1f3fe,0x2695
woman_health_worker_tone5, 0x1f469,0x1f3ff,0x2695
man_health_worker, 0x1f468,0x2695
man_health_worker_tone1, 0x1f468,0x1f3fb,0x2695
man_health_worker_tone2, 0x1f468,0x1f3fc,0x2695
man_health_worker_tone3, 0x1f468,0x1f3fd,0x2695
man_health_worker_tone4, 0x1f468,0x1f3fe,0x2695
man_health_worker_tone5, 0x1f468,0x1f3ff,0x2695
woman_farmer, 0x1f469,0x1f33e
woman_farmer_tone1, 0x1f469,0x1f3fb,0x1f33e
woman_farmer_tone2, 0x1f469,0x1f3fc,0x1f33e
woman_farmer_tone3, 0x1f469,0x1f3fd,0x1f33e
woman_farmer_tone4, 0x1f469,0x1f3fe,0x1f33e
woman_farmer_tone5, 0x1f469,0x1f3ff,0x1f33e
man_farmer, 0x1f468,0x1f33e
man_farmer_tone1, 0x1f468,0x1f3fb,0x1f33e
man_farmer_tone2, 0x1f468,0x1f3fc,0x1f33e
man_farmer_tone3, 0x1f468,0x1f3fd,0x1f33e
man_farmer_tone4, 0x1f468,0x1f3fe,0x1f33e
man_farmer_tone5, 0x1f468,0x1f3ff,0x1f33e
woman_cook, 0x1f469,0x1f373
woman_cook_tone1, 0x1f469,0x1f3fb,0x1f373
woman_cook_tone2, 0x1f469,0x1f3fc,0x1f373
woman_cook_tone3, 0x1f469,0x1f3fd,0x1f373
woman_cook_tone4, 0x1f469,0x1f3fe,0x1f373
woman_cook_tone5, 0x1f469,0x1f3ff,0x1f373
man_cook, 0x1f468,0x1f373
man_cook_tone1, 0x1f468,0x1f3fb,0x1f373
man_cook_tone2, 0x1f468,0x1f3fc,0x1f373
man_cook_tone3, 0x1f468,0x1f3fd,0x1f373
man_cook_tone4, 0x1f468,0x1f3fe,0x1f373
man_cook_tone5, 0x1f468,0x1f3ff,0x1f373
woman_student, 0x1f469,0x1f393
woman_student_tone1, 0x1f469,0x1f3fb,0x1f393
woman_student_tone2, 0x1f469,0x1f3fc,0x1f393
woman_student_tone3, 0x1f469,0x1f3fd,0x1f393
woman_student_tone4, 0x1f469,0x1f3fe,0x1f393
woman_student_tone5, 0x1f469,0x1f3ff,0x1f393
man_student, 0x1f468,0x1f393
man_student_tone1, 0x1f468,0x1f3fb,0x1f393
man_student_tone2, 0x1f468,0x1f3fc,0x1f393
man_student_tone3, 0x1f468,0x1f3fd,0x1f393
man_student_tone4, 0x1f468,0x1f3fe,0x1f393
man_student_tone5, 0x1f468,0x1f3ff,0x1f393
woman_singer, 0x1f469,0x1f3a4
woman_singer_tone1, 0x1f469,0x1f3fb,0x1f3a4
woman_singer_tone2, 0x1f469,0x1f3fc,0x1f3a4
woman_singer_tone3, 0x1f469,0x1f3fd,0x1f3a4
woman_singer_tone4, 0x1f469,0x1f3fe,0x1f3a4
woman_singer_tone5, 0x1f469,0x1f3ff,0x1f3a4
man_singer, 0x1f468,0x1f3a4
man_singer_tone1, 0x1f468,0x1f3fb,0x1f3a4
man_singer_tone2, 0x1f468,0x1f3fc,0x1f3a4
man_singer_tone3, 0x1f468,0x1f3fd,0x1f3a4
man_singer_tone4, 0x1f468,0x1f3fe,0x1f3a4
man_singer_tone5, 0x1f468,0x1f3ff,0x1f3a4
woman_teacher, 0x1f469,0x1f3eb
woman_teacher_tone1, 0x1f469,0x1f3fb,0x1f3eb
woman_teacher_tone2, 0x1f469,0x1f3fc,0x1f3eb
woman_teacher_tone3, 0x1f469,0x1f3fd,0x1f3eb
woman_teacher_tone4, 0x1f469,0x1f3fe,0x1f3eb
woman_teacher_tone5, 0x1f469,0x1f3ff,0x1f3eb
man_teacher, 0x1f468,0x1f3eb
man_teacher_tone1, 0x1f468,0x1f3fb,0x1f3eb
man_teacher_tone2, 0x1f468,0x1f3fc,0x1f3eb
man_teacher_tone3, 0x1f468,0x1f3fd,0x1f3eb
man_teacher_tone4, 0x1f468,0x1f3fe,0x1f3eb
man_teacher_tone5, 0x1f468,0x1f3ff,0x1f3eb
woman_factory_worker, 0x1f469,0x1f3ed
woman_factory_worker_tone1, 0x1f469,0x1f3fb,0x1f3ed
woman_factory_worker_tone2, 0x1f469,0x1f3fc,0x1f3ed
woman_factory_worker_tone3, 0x1f469,0x1f3fd,0x1f3ed
woman_factory_worker_tone4, 0x1f469,0x1f3fe,0x1f3ed
woman_factory_worker_tone5, 0x1f469,0x1f3ff,0x1f3ed
man_factory_worker, 0x1f468,0x1f3ed
man_factory_worker_tone1, 0x1f468,0x1f3fb,0x1f3ed
man_factory_worker_tone2, 0x1f468,0x1f3fc,0x1f3ed
man_factory_worker_tone3, 0x1f468,0x1f3fd,0x1f3ed
man_factory_worker_tone4, 0x1f468,0x1f3fe,0x1f3ed
man_factory_worker_tone5, 0x1f468,0x1f3ff,0x1f3ed
woman_technologist, 0x1f469,0x1f4bb
woman_technologist_tone1, 0x1f469,0x1f3fb,0x1f4bb
woman_technologist_tone2, 0x1f469,0x1f3fc,0x1f4bb
woman_technologist_tone3, 0x1f469,0x1f3fd,0x1f4bb
woman_technologist_tone4, 0x1f469,0x1f3fe,0x1f4bb
woman_technologist_tone5, 0x1f469,0x1f3ff,0x1f4bb
man_technologist, 0x1f468,0x1f4bb
man_technologist_tone1, 0x1f468,0x1f3fb,0x1f4bb
man_technologist_tone2, 0x1f468,0x1f3fc,0x1f4bb
man_technologist_tone3, 0x1f468,0x1f3fd,0x1f4bb
man_technologist_tone4, 0x1f468,0x1f3fe,0x1f4bb
man_technologist_tone5, 0x1f468,0x1f3ff,0x1f4bb
woman_office_worker, 0x1f469,0x1f4bc
woman_office_worker_tone1, 0x1f469,0x1f3fb,0x1f4bc
woman_office_worker_tone2, 0x1f469,0x1f3fc,0x1f4bc
woman_office_worker_tone3, 0x1f469,0x1f3fd,0x1f4bc
woman_office_worker_tone4, 0x1f469,0x1f3fe,0x1f4bc
woman_office_worker_tone5, 0x1f469,0x1f3ff,0x1f4bc
man_office_worker, 0x1f468,0x1f4bc
man_office_worker_tone1, 0x1f468,0x1f3fb,0x1f4bc
man_office_worker_tone2, 0x1f468,0x1f3fc,0x1f4bc
man_office_worker_tone3, 0x1f468,0x1f3fd,0x1f4bc
man_office_worker_tone4, 0x1f468,0x1f3fe,0x1f4bc
man_office_worker_tone5, 0x1f468,0x1f3ff,0x1f4bc
woman_mechanic, 0x1f469,0x1f527
woman_mechanic_tone1, 0x1f469,0x1f3fb,0x1f527
woman_mechanic_tone2, 0x1f469,0x1f3fc,0x1f527
woman_mechanic_tone3, 0x1f469,0x1f3fd,0x1f527
woman_mechanic_tone4, 0x1f469,0x1f3fe,0x1f527
woman_mechanic_tone5, 0x1f469,0x1f3ff,0x1f527
man_mechanic, 0x1f468,0x1f527
man_mechanic_tone1, 0x1f468,0x1f3fb,0x1f527
man_mechanic_tone2, 0x1f468,0x1f3fc,0x1f527
man_mechanic_tone3, 0x1f468,0x1f3fd,0x1f527
man_mechanic_tone4, 0x1f468,0x1f3fe,0x1f527
man_mechanic_tone5, 0x1f468,0x1f3ff,0x1f527
woman_scientist, 0x1f469,0x1f52c
woman_scientist_tone1, 0x1f469,0x1f3fb,0x1f52c
woman_scientist_tone2, 0x1f469,0x1f3fc,0x1f52c
woman_scientist_tone3, 0x1f469,0x1f3fd,0x1f52c
woman_scientist_tone4, 0x1f469,0x1f3fe,0x1f52c
woman_scientist_tone5, 0x1f469,0x1f3ff,0x1f52c
man_scientist, 0x1f468,0x1f52c
man_scientist_tone1, 0x1f468,0x1f3fb,0x1f52c
man_scientist_tone2, 0x1f468,0x1f3fc,0x1f52c
man_scientist_tone3, 0x1f468,0x1f3fd,0x1f52c
man_scientist_tone4, 0x1f468,0x1f3fe,0x1f52c
man_scientist_tone5, 0x1f468,0x1f3ff,0x1f52c
woman_artist, 0x1f469,0x1f3a8
woman_artist_tone1, 0x1f469,0x1f3fb,0x1f3a8
woman_artist_tone2, 0x1f469,0x1f3fc,0x1f3a8
woman_artist_tone3, 0x1f469,0x1f3fd,0x1f3a8
woman_artist_tone4, 0x1f469,0x1f3fe,0x1f3a8
woman_artist_tone5, 0x1f469,0x1f3ff,0x1f3a8
man_artist, 0x1f468,0x1f3a8
man_artist_tone1, 0x1f468,0x1f3fb,0x1f3a8
man_artist_tone2, 0x1f468,0x1f3fc,0x1f3a8
man_artist_tone3, 0x1f468,0x1f3fd,0x1f3a8
man_artist_tone4, 0x1f468,0x1f3fe,0x1f3a8
man_artist_tone5, 0x1f468,0x1f3ff,0x1f3a8
woman_firefighter, 0x1f469,0x1f692
woman_firefighter_tone1, 0x1f469,0x1f3fb,0x1f692
woman_firefighter_tone2, 0x1f469,0x1f3fc,0x1f692
woman_firefighter_tone3, 0x1f469,0x1f3fd,0x1f692
woman_firefighter_tone4, 0x1f469,0x1f3fe,0x1f692
woman_firefighter_tone5, 0x1f469,0x1f3ff,0x1f692
man_firefighter, 0x1f468,0x1f692
man_firefighter_tone1, 0x1f468,0x1f3fb,0x1f692
man_firefighter_tone2, 0x1f468,0x1f3fc,0x1f692
man_firefighter_tone3, 0x1f468,0x1f3fd,0x1f692
man_firefighter_tone4, 0x1f468,0x1f3fe,0x1f692
man_firefighter_tone5, 0x1f468,0x1f3ff,0x1f692
woman_pilot, 0x1f469,0x2708
woman_pilot_tone1, 0x1f469,0x1f3fb,0x2708
woman_pilot_tone2, 0x1f469,0x1f3fc,0x2708
woman_pilot_tone3, 0x1f469,0x1f3fd,0x2708
woman_pilot_tone4, 0x1f469,0x1f3fe,0x2708
woman_pilot_tone5, 0x1f469,0x1f3ff,0x2708
man_pilot, 0x1f468,0x2708
man_pilot_tone1, 0x1f468,0x1f3fb,0x2708
man_pilot_tone2, 0x1f468,0x1f3fc,0x2708
man_pilot_tone3, 0x1f468,0x1f3fd,0x2708
man_pilot_tone4, 0x1f468,0x1f3fe,0x2708
man_pilot_tone5, 0x1f468,0x1f3ff,0x2708
woman_astronaut, 0x1f469,0x1f680
woman_astronaut_tone1, 0x1f469,0x1f3fb,0x1f680
woman_astronaut_tone2, 0x1f469,0x1f3fc,0x1f680
woman_astronaut_tone3, 0x1f469,0x1f3fd,0x1f680
woman_astronaut_tone4, 0x1f469,0x1f3fe,0x1f680
woman_astronaut_tone5, 0x1f469,0x1f3ff,0x1f680
man_astronaut, 0x1f468,0x1f680
man_astronaut_tone1, 0x1f468,0x1f3fb,0x1f680
man_astronaut_tone2, 0x1f468,0x1f3fc,0x1f680
man_astronaut_tone3, 0x1f468,0x1f3fd,0x1f680
man_astronaut_tone4, 0x1f468,0x1f3fe,0x1f680
man_astronaut_tone5, 0x1f468,0x1f3ff,0x1f680
woman_judge, 0x1f469,0x2696
woman_judge_tone1, 0x1f469,0x1f3fb,0x2696
woman_judge_tone2, 0x1f469,0x1f3fc,0x2696
woman_judge_tone3, 0x1f469,0x1f3fd,0x2696
woman_judge_tone4, 0x1f469,0x1f3fe,0x2696
woman_judge_tone5, 0x1f469,0x1f3ff,0x2696
man_judge, 0x1f468,0x2696
man_judge_tone1, 0x1f468,0x1f3fb,0x2696
man_judge_tone2, 0x1f468,0x1f3fc,0x2696
man_judge_tone3, 0x1f468,0x1f3fd,0x2696
man_judge_tone4, 0x1f468,0x1f3fe,0x2696
man_judge_tone5, 0x1f468,0x1f3ff,0x2696
mrs_claus, 0x1f936
mrs_claus_tone1, 0x1f936,0x1f3fb
mrs_claus_tone2, 0x1f936,0x1f3fc
mrs_claus_tone3, 0x1f936,0x1f3fd
mrs_claus_tone4, 0x1f936,0x1f3fe
mrs_claus_tone5, 0x1f936,0x1f3ff
santa, 0x1f385
santa_tone1, 0x1f385,0x1f3fb
santa_tone2, 0x1f385,0x1f3fc
santa_tone3, 0x1f385,0x1f3fd
santa_tone4, 0x1f385,0x1f3fe
santa_tone5, 0x1f385,0x1f3ff
princess, 0x1f478
princess_tone1, 0x1f478,0x1f3fb
princess_tone2, 0x1f478,0x1f3fc
princess_tone3, 0x1f478,0x1f3fd
princess_tone4, 0x1f478,0x1f3fe
princess_tone5, 0x1f478,0x1f3ff
prince, 0x1f934
prince_tone1, 0x1f934,0x1f3fb
prince_tone2, 0x1f934,0x1f3fc
prince_tone3, 0x1f934,0x1f3fd
prince_tone4, 0x1f934,0x1f3fe
prince_tone5, 0x1f934,0x1f3ff
bride_with_veil, 0x1f470
bride_with_veil_tone1, 0x1f470,0x1f3fb
bride_with_veil_tone2, 0x1f470,0x1f3fc
bride_with_veil_tone3, 0x1f470,0x1f3fd
bride_with_veil_tone4, 0x1f470,0x1f3fe
bride_with_veil_tone5, 0x1f470,0x1f3ff
man_in_tuxedo, 0x1f935
man_in_tuxedo_tone1, 0x1f935,0x1f3fb
man_in_tuxedo_tone2, 0x1f935,0x1f3fc
man_in_tuxedo_tone3, 0x1f935,0x1f3fd
man_in_tuxedo_tone4, 0x1f935,0x1f3fe
man_in_tuxedo_tone5, 0x1f935,0x1f3ff
angel, 0x1f47c
angel_tone1, 0x1f47c,0x1f3fb
angel_tone2, 0x1f47c,0x1f3fc
angel_tone3, 0x1f47c,0x1f3fd
angel_tone4, 0x1f47c,0x1f3fe
angel_tone5, 0x1f47c,0x1f3ff
pregnant_woman, 0x1f930
pregnant_woman_tone1, 0x1f930,0x1f3fb
pregnant_woman_tone2, 0x1f930,0x1f3fc
pregnant_woman_tone3, 0x1f930,0x1f3fd
pregnant_woman_tone4, 0x1f930,0x1f3fe
pregnant_woman_tone5, 0x1f930,0x1f3ff
woman_bowing, 0x1f647,0x2640
woman_bowing_tone1, 0x1f647,0x1f3fb,0x2640
woman_bowing_tone2, 0x1f647,0x1f3fc,0x2640
woman_bowing_tone3, 0x1f647,0x1f3fd,0x2640
woman_bowing_tone4, 0x1f647,0x1f3fe,0x2640
woman_bowing_tone5, 0x1f647,0x1f3ff,0x2640
person_bowing, 0x1f647
person_bowing_tone1, 0x1f647,0x1f3fb
person_bowing_tone2, 0x1f647,0x1f3fc
person_bowing_tone3, 0x1f647,0x1f3fd
person_bowing_tone4, 0x1f647,0x1f3fe
person_bowing_tone5, 0x1f647,0x1f3ff
man_bowing, 0x1f647,0x2642
man_bowing_tone5, 0x1f647,0x1f3ff,0x2642
man_bowing_tone4, 0x1f647,0x1f3fe,0x2642
man_bowing_tone3, 0x1f647,0x1f3fd,0x2642
man_bowing_tone2, 0x1f647,0x1f3fc,0x2642
man_bowing_tone1, 0x1f647,0x1f3fb,0x2642
person_tipping_hand, 0x1f481
person_tipping_hand_tone1, 0x1f481,0x1f3fb
person_tipping_hand_tone2, 0x1f481,0x1f3fc
person_tipping_hand_tone3, 0x1f481,0x1f3fd
person_tipping_hand_tone4, 0x1f481,0x1f3fe
person_tipping_hand_tone5, 0x1f481,0x1f3ff
man_tipping_hand, 0x1f481,0x2642
man_tipping_hand_tone1, 0x1f481,0x1f3fb,0x2642
man_tipping_hand_tone2, 0x1f481,0x1f3fc,0x2642
man_tipping_hand_tone3, 0x1f481,0x1f3fd,0x2642
man_tipping_hand_tone4, 0x1f481,0x1f3fe,0x2642
man_tipping_hand_tone5, 0x1f481,0x1f3ff,0x2642
woman_tipping_hand, 0x1f481,0x2640
woman_tipping_hand_tone5, 0x1f481,0x1f3ff,0x2640
woman_tipping_hand_tone4, 0x1f481,0x1f3fe,0x2640
woman_tipping_hand_tone3, 0x1f481,0x1f3fd,0x2640
woman_tipping_hand_tone2, 0x1f481,0x1f3fc,0x2640
woman_tipping_hand_tone1, 0x1f481,0x1f3fb,0x2640
person_gesturing_no, 0x1f645
person_gesturing_no_tone1, 0x1f645,0x1f3fb
person_gesturing_no_tone2, 0x1f645,0x1f3fc
person_gesturing_no_tone3, 0x1f645,0x1f3fd
person_gesturing_no_tone4, 0x1f645,0x1f3fe
person_gesturing_no_tone5, 0x1f645,0x1f3ff
man_gesturing_no, 0x1f645,0x2642
man_gesturing_no_tone1, 0x1f645,0x1f3fb,0x2642
man_gesturing_no_tone2, 0x1f645,0x1f3fc,0x2642
man_gesturing_no_tone3, 0x1f645,0x1f3fd,0x2642
man_gesturing_no_tone4, 0x1f645,0x1f3fe,0x2642
man_gesturing_no_tone5, 0x1f645,0x1f3ff,0x2642
woman_gesturing_no, 0x1f645,0x2640
woman_gesturing_no_tone5, 0x1f645,0x1f3ff,0x2640
woman_gesturing_no_tone4, 0x1f645,0x1f3fe,0x2640
woman_gesturing_no_tone3, 0x1f645,0x1f3fd,0x2640
woman_gesturing_no_tone2, 0x1f645,0x1f3fc,0x2640
woman_gesturing_no_tone1, 0x1f645,0x1f3fb,0x2640
person_gesturing_ok, 0x1f646
person_gesturing_ok_tone1, 0x1f646,0x1f3fb
person_gesturing_ok_tone2, 0x1f646,0x1f3fc
person_gesturing_ok_tone3, 0x1f646,0x1f3fd
person_gesturing_ok_tone4, 0x1f646,0x1f3fe
person_gesturing_ok_tone5, 0x1f646,0x1f3ff
man_gesturing_ok, 0x1f646,0x2642
man_gesturing_ok_tone1, 0x1f646,0x1f3fb,0x2642
man_gesturing_ok_tone2, 0x1f646,0x1f3fc,0x2642
man_gesturing_ok_tone3, 0x1f646,0x1f3fd,0x2642
man_gesturing_ok_tone4, 0x1f646,0x1f3fe,0x2642
man_gesturing_ok_tone5, 0x1f646,0x1f3ff,0x2642
woman_gesturing_ok, 0x1f646,0x2640
woman_gesturing_ok_tone5, 0x1f646,0x1f3ff,0x2640
woman_gesturing_ok_tone4, 0x1f646,0x1f3fe,0x2640
woman_gesturing_ok_tone3, 0x1f646,0x1f3fd,0x2640
woman_gesturing_ok_tone2, 0x1f646,0x1f3fc,0x2640
woman_gesturing_ok_tone1, 0x1f646,0x1f3fb,0x2640
person_raising_hand, 0x1f64b
person_raising_hand_tone1, 0x1f64b,0x1f3fb
person_raising_hand_tone2, 0x1f64b,0x1f3fc
person_raising_hand_tone3, 0x1f64b,0x1f3fd
person_raising_hand_tone4, 0x1f64b,0x1f3fe
person_raising_hand_tone5, 0x1f64b,0x1f3ff
man_raising_hand, 0x1f64b,0x2642
man_raising_hand_tone1, 0x1f64b,0x1f3fb,0x2642
man_raising_hand_tone2, 0x1f64b,0x1f3fc,0x2642
man_raising_hand_tone3, 0x1f64b,0x1f3fd,0x2642
man_raising_hand_tone4, 0x1f64b,0x1f3fe,0x2642
man_raising_hand_tone5, 0x1f64b,0x1f3ff,0x2642
woman_raising_hand, 0x1f64b,0x2640
woman_raising_hand_tone5, 0x1f64b,0x1f3ff,0x2640
woman_raising_hand_tone4, 0x1f64b,0x1f3fe,0x2640
woman_raising_hand_tone3, 0x1f64b,0x1f3fd,0x2640
woman_raising_hand_tone2, 0x1f64b,0x1f3fc,0x2640
woman_raising_hand_tone1, 0x1f64b,0x1f3fb,0x2640
woman_facepalming, 0x1f926,0x2640
woman_facepalming_tone1, 0x1f926,0x1f3fb,0x2640
woman_facepalming_tone2, 0x1f926,0x1f3fc,0x2640
woman_facepalming_tone3, 0x1f926,0x1f3fd,0x2640
woman_facepalming_tone4, 0x1f926,0x1f3fe,0x2640
woman_facepalming_tone5, 0x1f926,0x1f3ff,0x2640
man_facepalming, 0x1f926,0x2642
man_facepalming_tone1, 0x1f926,0x1f3fb,0x2642
man_facepalming_tone2, 0x1f926,0x1f3fc,0x2642
man_facepalming_tone3, 0x1f926,0x1f3fd,0x2642
man_facepalming_tone4, 0x1f926,0x1f3fe,0x2642
man_facepalming_tone5, 0x1f926,0x1f3ff,0x2642
person_facepalming, 0x1f926
person_facepalming_tone1, 0x1f926,0x1f3fb
person_facepalming_tone2, 0x1f926,0x1f3fc
person_facepalming_tone3, 0x1f926,0x1f3fd
person_facepalming_tone4, 0x1f926,0x1f3fe
person_facepalming_tone5, 0x1f926,0x1f3ff
woman_shrugging, 0x1f937,0x2640
woman_shrugging_tone1, 0x1f937,0x1f3fb,0x2640
woman_shrugging_tone2, 0x1f937,0x1f3fc,0x2640
woman_shrugging_tone3, 0x1f937,0x1f3fd,0x2640
woman_shrugging_tone4, 0x1f937,0x1f3fe,0x2640
woman_shrugging_tone5, 0x1f937,0x1f3ff,0x2640
man_shrugging, 0x1f937,0x2642
man_shrugging_tone1, 0x1f937,0x1f3fb,0x2642
man_shrugging_tone2, 0x1f937,0x1f3fc,0x2642
man_shrugging_tone3, 0x1f937,0x1f3fd,0x2642
man_shrugging_tone4, 0x1f937,0x1f3fe,0x2642
man_shrugging_tone5, 0x1f937,0x1f3ff,0x2642
person_shrugging, 0x1f937
person_shrugging_tone1, 0x1f937,0x1f3fb
person_shrugging_tone2, 0x1f937,0x1f3fc
person_shrugging_tone3, 0x1f937,0x1f3fd
person_shrugging_tone4, 0x1f937,0x1f3fe
person_shrugging_tone5, 0x1f937,0x1f3ff
person_pouting, 0x1f64e
person_pouting_tone1, 0x1f64e,0x1f3fb
person_pouting_tone2, 0x1f64e,0x1f3fc
person_pouting_tone3, 0x1f64e,0x1f3fd
person_pouting_tone4, 0x1f64e,0x1f3fe
person_pouting_tone5, 0x1f64e,0x1f3ff
man_pouting, 0x1f64e,0x2642
man_pouting_tone1, 0x1f64e,0x1f3fb,0x2642
man_pouting_tone2, 0x1f64e,0x1f3fc,0x2642
man_pouting_tone3, 0x1f64e,0x1f3fd,0x2642
man_pouting_tone4, 0x1f64e,0x1f3fe,0x2642
man_pouting_tone5, 0x1f64e,0x1f3ff,0x2642
woman_pouting, 0x1f64e,0x2640
woman_pouting_tone5, 0x1f64e,0x1f3ff,0x2640
woman_pouting_tone4, 0x1f64e,0x1f3fe,0x2640
woman_pouting_tone3, 0x1f64e,0x1f3fd,0x2640
woman_pouting_tone2, 0x1f64e,0x1f3fc,0x2640
woman_pouting_tone1, 0x1f64e,0x1f3fb,0x2640
person_frowning, 0x1f64d
person_frowning_tone1, 0x1f64d,0x1f3fb
person_frowning_tone2, 0x1f64d,0x1f3fc
person_frowning_tone3, 0x1f64d,0x1f3fd
person_frowning_tone4, 0x1f64d,0x1f3fe
person_frowning_tone5, 0x1f64d,0x1f3ff
man_frowning, 0x1f64d,0x2642
man_frowning_tone1, 0x1f64d,0x1f3fb,0x2642
man_frowning_tone2, 0x1f64d,0x1f3fc,0x2642
man_frowning_tone3, 0x1f64d,0x1f3fd,0x2642
man_frowning_tone4, 0x1f64d,0x1f3fe,0x2642
man_frowning_tone5, 0x1f64d,0x1f3ff,0x2642
woman_frowning, 0x1f64d,0x2640
woman_frowning_tone5, 0x1f64d,0x1f3ff,0x2640
woman_frowning_tone4, 0x1f64d,0x1f3fe,0x2640
woman_frowning_tone3, 0x1f64d,0x1f3fd,0x2640
woman_frowning_tone2, 0x1f64d,0x1f3fc,0x2640
woman_frowning_tone1, 0x1f64d,0x1f3fb,0x2640
person_getting_haircut, 0x1f487
person_getting_haircut_tone1, 0x1f487,0x1f3fb
person_getting_haircut_tone2, 0x1f487,0x1f3fc
person_getting_haircut_tone3, 0x1f487,0x1f3fd
person_getting_haircut_tone4, 0x1f487,0x1f3fe
person_getting_haircut_tone5, 0x1f487,0x1f3ff
man_getting_haircut, 0x1f487,0x2642
man_getting_haircut_tone1, 0x1f487,0x1f3fb,0x2642
man_getting_haircut_tone2, 0x1f487,0x1f3fc,0x2642
man_getting_haircut_tone3, 0x1f487,0x1f3fd,0x2642
man_getting_haircut_tone4, 0x1f487,0x1f3fe,0x2642
man_getting_haircut_tone5, 0x1f487,0x1f3ff,0x2642
woman_getting_haircut, 0x1f487,0x2640
woman_getting_haircut_tone5, 0x1f487,0x1f3ff,0x2640
woman_getting_haircut_tone4, 0x1f487,0x1f3fe,0x2640
woman_getting_haircut_tone3, 0x1f487,0x1f3fd,0x2640
woman_getting_haircut_tone2, 0x1f487,0x1f3fc,0x2640
woman_getting_haircut_tone1, 0x1f487,0x1f3fb,0x2640
person_getting_massage, 0x1f486
person_getting_massage_tone1, 0x1f486,0x1f3fb
person_getting_massage_tone2, 0x1f486,0x1f3fc
person_getting_massage_tone3, 0x1f486,0x1f3fd
person_getting_massage_tone4, 0x1f486,0x1f3fe
person_getting_massage_tone5, 0x1f486,0x1f3ff
man_getting_face_massage, 0x1f486,0x2642
man_getting_face_massage_tone1, 0x1f486,0x1f3fb,0x2642
man_getting_face_massage_tone2, 0x1f486,0x1f3fc,0x2642
man_getting_face_massage_tone3, 0x1f486,0x1f3fd,0x2642
man_getting_face_massage_tone4, 0x1f486,0x1f3fe,0x2642
man_getting_face_massage_tone5, 0x1f486,0x1f3ff,0x2642
woman_getting_face_massage, 0x1f486,0x2640
woman_getting_face_massage_tone5, 0x1f486,0x1f3ff,0x2640
woman_getting_face_massage_tone4, 0x1f486,0x1f3fe,0x2640
woman_getting_face_massage_tone3, 0x1f486,0x1f3fd,0x2640
woman_getting_face_massage_tone2, 0x1f486,0x1f3fc,0x2640
woman_getting_face_massage_tone1, 0x1f486,0x1f3fb,0x2640
levitate, 0x1f574
man_in_business_suit_levitating_tone1, 0x1f574,0x1f3fb
man_in_business_suit_levitating_tone2, 0x1f574,0x1f3fc
man_in_business_suit_levitating_tone3, 0x1f574,0x1f3fd
man_in_business_suit_levitating_tone4, 0x1f574,0x1f3fe
man_in_business_suit_levitating_tone5, 0x1f574,0x1f3ff
dancer, 0x1f483
dancer_tone1, 0x1f483,0x1f3fb
dancer_tone2, 0x1f483,0x1f3fc
dancer_tone3, 0x1f483,0x1f3fd
dancer_tone4, 0x1f483,0x1f3fe
dancer_tone5, 0x1f483,0x1f3ff
man_dancing, 0x1f57a
man_dancing_tone1, 0x1f57a,0x1f3fb
man_dancing_tone2, 0x1f57a,0x1f3fc
man_dancing_tone3, 0x1f57a,0x1f3fd
man_dancing_tone4, 0x1f57a,0x1f3fe
man_dancing_tone5, 0x1f57a,0x1f3ff
people_with_bunny_ears_partying, 0x1f46f
men_with_bunny_ears_partying, 0x1f46f,0x2642
women_with_bunny_ears_partying, 0x1f46f,0x2640
woman_walking, 0x1f6b6,0x2640
woman_walking_tone1, 0x1f6b6,0x1f3fb,0x2640
woman_walking_tone2, 0x1f6b6,0x1f3fc,0x2640
woman_walking_tone3, 0x1f6b6,0x1f3fd,0x2640
woman_walking_tone4, 0x1f6b6,0x1f3fe,0x2640
woman_walking_tone5, 0x1f6b6,0x1f3ff,0x2640
person_walking, 0x1f6b6
person_walking_tone1, 0x1f6b6,0x1f3fb
person_walking_tone2, 0x1f6b6,0x1f3fc
person_walking_tone3, 0x1f6b6,0x1f3fd
person_walking_tone4, 0x1f6b6,0x1f3fe
person_walking_tone5, 0x1f6b6,0x1f3ff
man_walking, 0x1f6b6,0x2642
man_walking_tone5, 0x1f6b6,0x1f3ff,0x2642
man_walking_tone4, 0x1f6b6,0x1f3fe,0x2642
man_walking_tone3, 0x1f6b6,0x1f3fd,0x2642
man_walking_tone2, 0x1f6b6,0x1f3fc,0x2642
man_walking_tone1, 0x1f6b6,0x1f3fb,0x2642
woman_running, 0x1f3c3,0x2640
woman_running_tone1, 0x1f3c3,0x1f3fb,0x2640
woman_running_tone2, 0x1f3c3,0x1f3fc,0x2640
woman_running_tone3, 0x1f3c3,0x1f3fd,0x2640
woman_running_tone4, 0x1f3c3,0x1f3fe,0x2640
woman_running_tone5, 0x1f3c3,0x1f3ff,0x2640
person_running, 0x1f3c3
person_running_tone1, 0x1f3c3,0x1f3fb
person_running_tone2, 0x1f3c3,0x1f3fc
person_running_tone3, 0x1f3c3,0x1f3fd
person_running_tone4, 0x1f3c3,0x1f3fe
person_running_tone5, 0x1f3c3,0x1f3ff
man_running, 0x1f3c3,0x2642
man_running_tone5, 0x1f3c3,0x1f3ff,0x2642
man_running_tone4, 0x1f3c3,0x1f3fe,0x2642
man_running_tone3, 0x1f3c3,0x1f3fd,0x2642
man_running_tone2, 0x1f3c3,0x1f3fc,0x2642
man_running_tone1, 0x1f3c3,0x1f3fb,0x2642
couple, 0x1f46b
two_women_holding_hands, 0x1f46d
two_men_holding_hands, 0x1f46c
couple_with_heart, 0x1f491
couple_ww, 0x1f469,0x2764,0x1f469
couple_mm, 0x1f468,0x2764,0x1f468
couplekiss, 0x1f48f
kiss_ww, 0x1f469,0x2764,0x1f48b,0x1f469
kiss_mm, 0x1f468,0x2764,0x1f48b,0x1f468
family, 0x1f46a
family_mwg, 0x1f468,0x1f469,0x1f467
family_mwgb, 0x1f468,0x1f469,0x1f467,0x1f466
family_mwbb, 0x1f468,0x1f469,0x1f466,0x1f466
family_mwgg, 0x1f468,0x1f469,0x1f467,0x1f467
family_wwb, 0x1f469,0x1f469,0x1f466
family_wwg, 0x1f469,0x1f469,0x1f467
family_wwgb, 0x1f469,0x1f469,0x1f467,0x1f466
family_wwbb, 0x1f469,0x1f469,0x1f466,0x1f466
family_wwgg, 0x1f469,0x1f469,0x1f467,0x1f467
family_mmb, 0x1f468,0x1f468,0x1f466
family_mmg, 0x1f468,0x1f468,0x1f467
family_mmgb, 0x1f468,0x1f468,0x1f467,0x1f466
family_mmbb, 0x1f468,0x1f468,0x1f466,0x1f466
family_mmgg, 0x1f468,0x1f468,0x1f467,0x1f467
family_woman_boy, 0x1f469,0x1f466
family_woman_girl, 0x1f469,0x1f467
family_woman_girl_boy, 0x1f469,0x1f467,0x1f466
family_woman_boy_boy, 0x1f469,0x1f466,0x1f466
family_woman_girl_girl, 0x1f469,0x1f467,0x1f467
family_man_boy, 0x1f468,0x1f466
family_man_girl, 0x1f468,0x1f467
family_man_girl_boy, 0x1f468,0x1f467,0x1f466
family_man_boy_boy, 0x1f468,0x1f466,0x1f466
family_man_girl_girl, 0x1f468,0x1f467,0x1f467
womans_clothes, 0x1f45a
shirt, 0x1f455
jeans, 0x1f456
necktie, 0x1f454
dress, 0x1f457
bikini, 0x1f459
kimono, 0x1f458
high_heel, 0x1f460
sandal, 0x1f461
boot, 0x1f462
mans_shoe, 0x1f45e
athletic_shoe, 0x1f45f
womans_hat, 0x1f452
tophat, 0x1f3a9
mortar_board, 0x1f393
crown, 0x1f451
helmet_with_cross, 0x26d1
school_satchel, 0x1f392
pouch, 0x1f45d
purse, 0x1f45b
handbag, 0x1f45c
briefcase, 0x1f4bc
eyeglasses, 0x1f453
dark_sunglasses, 0x1f576
closed_umbrella, 0x1f302
dog, 0x1f436
cat, 0x1f431
mouse, 0x1f42d
hamster, 0x1f439
rabbit, 0x1f430
fox, 0x1f98a
bear, 0x1f43b
panda_face, 0x1f43c
koala, 0x1f428
tiger, 0x1f42f
lion_face, 0x1f981
cow, 0x1f42e
pig, 0x1f437
pig_nose, 0x1f43d
frog, 0x1f438
monkey_face, 0x1f435
see_no_evil, 0x1f648
hear_no_evil, 0x1f649
speak_no_evil, 0x1f64a
monkey, 0x1f412
chicken, 0x1f414
penguin, 0x1f427
bird, 0x1f426
baby_chick, 0x1f424
hatching_chick, 0x1f423
hatched_chick, 0x1f425
duck, 0x1f986
eagle, 0x1f985
owl, 0x1f989
bat, 0x1f987
wolf, 0x1f43a
boar, 0x1f417
horse, 0x1f434
unicorn, 0x1f984
bee, 0x1f41d
bug, 0x1f41b
butterfly, 0x1f98b
snail, 0x1f40c
shell, 0x1f41a
beetle, 0x1f41e
ant, 0x1f41c
spider, 0x1f577
spider_web, 0x1f578
turtle, 0x1f422
snake, 0x1f40d
lizard, 0x1f98e
scorpion, 0x1f982
crab, 0x1f980
squid, 0x1f991
octopus, 0x1f419
shrimp, 0x1f990
tropical_fish, 0x1f420
fish, 0x1f41f
blowfish, 0x1f421
dolphin, 0x1f42c
shark, 0x1f988
whale, 0x1f433
whale2, 0x1f40b
crocodile, 0x1f40a
leopard, 0x1f406
tiger2, 0x1f405
water_buffalo, 0x1f403
ox, 0x1f402
cow2, 0x1f404
deer, 0x1f98c
dromedary_camel, 0x1f42a
camel, 0x1f42b
elephant, 0x1f418
rhino, 0x1f98f
gorilla, 0x1f98d
racehorse, 0x1f40e
pig2, 0x1f416
goat, 0x1f410
ram, 0x1f40f
sheep, 0x1f411
dog2, 0x1f415
poodle, 0x1f429
cat2, 0x1f408
rooster, 0x1f413
turkey, 0x1f983
dove, 0x1f54a
rabbit2, 0x1f407
mouse2, 0x1f401
rat, 0x1f400
chipmunk, 0x1f43f
feet, 0x1f43e
dragon, 0x1f409
dragon_face, 0x1f432
cactus, 0x1f335
christmas_tree, 0x1f384
evergreen_tree, 0x1f332
deciduous_tree, 0x1f333
palm_tree, 0x1f334
seedling, 0x1f331
herb, 0x1f33f
four_leaf_clover, 0x1f340
bamboo, 0x1f38d
tanabata_tree, 0x1f38b
leaves, 0x1f343
fallen_leaf, 0x1f342
maple_leaf, 0x1f341
mushroom, 0x1f344
ear_of_rice, 0x1f33e
bouquet, 0x1f490
tulip, 0x1f337
rose, 0x1f339
wilted_rose, 0x1f940
sunflower, 0x1f33b
blossom, 0x1f33c
cherry_blossom, 0x1f338
hibiscus, 0x1f33a
earth_americas, 0x1f30e
earth_africa, 0x1f30d
earth_asia, 0x1f30f
full_moon, 0x1f315
waning_gibbous_moon, 0x1f316
last_quarter_moon, 0x1f317
waning_crescent_moon, 0x1f318
new_moon, 0x1f311
waxing_crescent_moon, 0x1f312
first_quarter_moon, 0x1f313
waxing_gibbous_moon, 0x1f314
new_moon_with_face, 0x1f31a
full_moon_with_face, 0x1f31d
sun_with_face, 0x1f31e
first_quarter_moon_with_face, 0x1f31b
last_quarter_moon_with_face, 0x1f31c
crescent_moon, 0x1f319
dizzy, 0x1f4ab
star, 0x2b50
star2, 0x1f31f
zap, 0x26a1
fire, 0x1f525
boom, 0x1f4a5
white_sun_small_cloud, 0x1f324
partly_sunny, 0x26c5
white_sun_cloud, 0x1f325
white_sun_rain_cloud, 0x1f326
rainbow, 0x1f308
cloud_rain, 0x1f327
thunder_cloud_rain, 0x26c8
cloud_lightning, 0x1f329
cloud_snow, 0x1f328
snowman, 0x26c4
wind_blowing_face, 0x1f32c
dash, 0x1f4a8
cloud_tornado, 0x1f32a
fog, 0x1f32b
ocean, 0x1f30a
droplet, 0x1f4a7
sweat_drops, 0x1f4a6
green_apple, 0x1f34f
apple, 0x1f34e
pear, 0x1f350
tangerine, 0x1f34a
lemon, 0x1f34b
banana, 0x1f34c
watermelon, 0x1f349
grapes, 0x1f347
strawberry, 0x1f353
melon, 0x1f348
cherries, 0x1f352
peach, 0x1f351
pineapple, 0x1f34d
kiwi, 0x1f95d
avocado, 0x1f951
tomato, 0x1f345
eggplant, 0x1f346
cucumber, 0x1f952
carrot, 0x1f955
corn, 0x1f33d
hot_pepper, 0x1f336
potato, 0x1f954
sweet_potato, 0x1f360
chestnut, 0x1f330
peanuts, 0x1f95c
honey_pot, 0x1f36f
croissant, 0x1f950
bread, 0x1f35e
french_bread, 0x1f956
cheese, 0x1f9c0
egg, 0x1f95a
cooking, 0x1f373
bacon, 0x1f953
pancakes, 0x1f95e
fried_shrimp, 0x1f364
poultry_leg, 0x1f357
meat_on_bone, 0x1f356
pizza, 0x1f355
hotdog, 0x1f32d
hamburger, 0x1f354
fries, 0x1f35f
stuffed_flatbread, 0x1f959
taco, 0x1f32e
burrito, 0x1f32f
salad, 0x1f957
shallow_pan_of_food, 0x1f958
spaghetti, 0x1f35d
ramen, 0x1f35c
stew, 0x1f372
fish_cake, 0x1f365
sushi, 0x1f363
bento, 0x1f371
curry, 0x1f35b
rice_ball, 0x1f359
rice, 0x1f35a
rice_cracker, 0x1f358
oden, 0x1f362
dango, 0x1f361
shaved_ice, 0x1f367
ice_cream, 0x1f368
icecream, 0x1f366
cake, 0x1f370
birthday, 0x1f382
custard, 0x1f36e
lollipop, 0x1f36d
candy, 0x1f36c
chocolate_bar, 0x1f36b
popcorn, 0x1f37f
doughnut, 0x1f369
cookie, 0x1f36a
milk, 0x1f95b
baby_bottle, 0x1f37c
tea, 0x1f375
sake, 0x1f376
beer, 0x1f37a
beers, 0x1f37b
champagne_glass, 0x1f942
wine_glass, 0x1f377
tumbler_glass, 0x1f943
cocktail, 0x1f378
tropical_drink, 0x1f379
champagne, 0x1f37e
spoon, 0x1f944
fork_and_knife, 0x1f374
fork_knife_plate, 0x1f37d
soccer, 0x26bd
basketball, 0x1f3c0
football, 0x1f3c8
baseball, 0x26be
tennis, 0x1f3be
volleyball, 0x1f3d0
rugby_football, 0x1f3c9
8ball, 0x1f3b1
ping_pong, 0x1f3d3
badminton, 0x1f3f8
goal, 0x1f945
hockey, 0x1f3d2
field_hockey, 0x1f3d1
cricket, 0x1f3cf
golf, 0x26f3
bow_and_arrow, 0x1f3f9
fishing_pole_and_fish, 0x1f3a3
boxing_glove, 0x1f94a
martial_arts_uniform, 0x1f94b
ice_skate, 0x26f8
ski, 0x1f3bf
skier, 0x26f7
snowboarder, 0x1f3c2
snowboarder_tone1, 0x1f3c2,0x1f3fb
snowboarder_tone2, 0x1f3c2,0x1f3fc
snowboarder_tone3, 0x1f3c2,0x1f3fd
snowboarder_tone4, 0x1f3c2,0x1f3fe
snowboarder_tone5, 0x1f3c2,0x1f3ff
woman_lifting_weights, 0x1f3cb,0x2640
woman_lifting_weights_tone1, 0x1f3cb,0x1f3fb,0x2640
woman_lifting_weights_tone2, 0x1f3cb,0x1f3fc,0x2640
woman_lifting_weights_tone3, 0x1f3cb,0x1f3fd,0x2640
woman_lifting_weights_tone4, 0x1f3cb,0x1f3fe,0x2640
woman_lifting_weights_tone5, 0x1f3cb,0x1f3ff,0x2640
person_lifting_weights, 0x1f3cb
person_lifting_weights_tone1, 0x1f3cb,0x1f3fb
person_lifting_weights_tone2, 0x1f3cb,0x1f3fc
person_lifting_weights_tone3, 0x1f3cb,0x1f3fd
person_lifting_weights_tone4, 0x1f3cb,0x1f3fe
person_lifting_weights_tone5, 0x1f3cb,0x1f3ff
man_lifting_weights, 0x1f3cb,0x2642
man_lifting_weights_tone5, 0x1f3cb,0x1f3ff,0x2642
man_lifting_weights_tone4, 0x1f3cb,0x1f3fe,0x2642
man_lifting_weights_tone3, 0x1f3cb,0x1f3fd,0x2642
man_lifting_weights_tone2, 0x1f3cb,0x1f3fc,0x2642
man_lifting_weights_tone1, 0x1f3cb,0x1f3fb,0x2642
person_fencing, 0x1f93a
women_wrestling, 0x1f93c,0x2640
men_wrestling, 0x1f93c,0x2642
people_wrestling, 0x1f93c
woman_cartwheeling, 0x1f938,0x2640
woman_cartwheeling_tone1, 0x1f938,0x1f3fb,0x2640
woman_cartwheeling_tone2, 0x1f938,0x1f3fc,0x2640
woman_cartwheeling_tone3, 0x1f938,0x1f3fd,0x2640
woman_cartwheeling_tone4, 0x1f938,0x1f3fe,0x2640
woman_cartwheeling_tone5, 0x1f938,0x1f3ff,0x2640
man_cartwheeling, 0x1f938,0x2642
man_cartwheeling_tone1, 0x1f938,0x1f3fb,0x2642
man_cartwheeling_tone2, 0x1f938,0x1f3fc,0x2642
man_cartwheeling_tone3, 0x1f938,0x1f3fd,0x2642
man_cartwheeling_tone4, 0x1f938,0x1f3fe,0x2642
man_cartwheeling_tone5, 0x1f938,0x1f3ff,0x2642
person_doing_cartwheel, 0x1f938
person_doing_cartwheel_tone1, 0x1f938,0x1f3fb
person_doing_cartwheel_tone2, 0x1f938,0x1f3fc
person_doing_cartwheel_tone3, 0x1f938,0x1f3fd
person_doing_cartwheel_tone4, 0x1f938,0x1f3fe
person_doing_cartwheel_tone5, 0x1f938,0x1f3ff
woman_bouncing_ball, 0x26f9,0x2640
woman_bouncing_ball_tone1, 0x26f9,0x1f3fb,0x2640
woman_bouncing_ball_tone2, 0x26f9,0x1f3fc,0x2640
woman_bouncing_ball_tone3, 0x26f9,0x1f3fd,0x2640
woman_bouncing_ball_tone4, 0x26f9,0x1f3fe,0x2640
woman_bouncing_ball_tone5, 0x26f9,0x1f3ff,0x2640
person_bouncing_ball, 0x26f9
person_bouncing_ball_tone1, 0x26f9,0x1f3fb
person_bouncing_ball_tone2, 0x26f9,0x1f3fc
person_bouncing_ball_tone3, 0x26f9,0x1f3fd
person_bouncing_ball_tone4, 0x26f9,0x1f3fe
person_bouncing_ball_tone5, 0x26f9,0x1f3ff
man_bouncing_ball, 0x26f9,0x2642
man_bouncing_ball_tone5, 0x26f9,0x1f3ff,0x2642
man_bouncing_ball_tone4, 0x26f9,0x1f3fe,0x2642
man_bouncing_ball_tone3, 0x26f9,0x1f3fd,0x2642
man_bouncing_ball_tone2, 0x26f9,0x1f3fc,0x2642
man_bouncing_ball_tone1, 0x26f9,0x1f3fb,0x2642
woman_playing_handball, 0x1f93e,0x2640
woman_playing_handball_tone1, 0x1f93e,0x1f3fb,0x2640
woman_playing_handball_tone2, 0x1f93e,0x1f3fc,0x2640
woman_playing_handball_tone3, 0x1f93e,0x1f3fd,0x2640
woman_playing_handball_tone4, 0x1f93e,0x1f3fe,0x2640
woman_playing_handball_tone5, 0x1f93e,0x1f3ff,0x2640
man_playing_handball, 0x1f93e,0x2642
man_playing_handball_tone1, 0x1f93e,0x1f3fb,0x2642
man_playing_handball_tone2, 0x1f93e,0x1f3fc,0x2642
man_playing_handball_tone3, 0x1f93e,0x1f3fd,0x2642
man_playing_handball_tone4, 0x1f93e,0x1f3fe,0x2642
man_playing_handball_tone5, 0x1f93e,0x1f3ff,0x2642
person_playing_handball, 0x1f93e
person_playing_handball_tone1, 0x1f93e,0x1f3fb
person_playing_handball_tone2, 0x1f93e,0x1f3fc
person_playing_handball_tone3, 0x1f93e,0x1f3fd
person_playing_handball_tone4, 0x1f93e,0x1f3fe
person_playing_handball_tone5, 0x1f93e,0x1f3ff
woman_golfing, 0x1f3cc,0x2640
woman_golfing_tone1, 0x1f3cc,0x1f3fb,0x2640
woman_golfing_tone2, 0x1f3cc,0x1f3fc,0x2640
woman_golfing_tone3, 0x1f3cc,0x1f3fd,0x2640
woman_golfing_tone4, 0x1f3cc,0x1f3fe,0x2640
woman_golfing_tone5, 0x1f3cc,0x1f3ff,0x2640
person_golfing, 0x1f3cc
person_golfing_tone1, 0x1f3cc,0x1f3fb
person_golfing_tone2, 0x1f3cc,0x1f3fc
person_golfing_tone3, 0x1f3cc,0x1f3fd
person_golfing_tone4, 0x1f3cc,0x1f3fe
person_golfing_tone5, 0x1f3cc,0x1f3ff
man_golfing, 0x1f3cc,0x2642
man_golfing_tone1, 0x1f3cc,0x1f3fb,0x2642
man_golfing_tone2, 0x1f3cc,0x1f3fc,0x2642
man_golfing_tone3, 0x1f3cc,0x1f3fd,0x2642
man_golfing_tone4, 0x1f3cc,0x1f3fe,0x2642
man_golfing_tone5, 0x1f3cc,0x1f3ff,0x2642
woman_surfing, 0x1f3c4,0x2640
woman_surfing_tone1, 0x1f3c4,0x1f3fb,0x2640
woman_surfing_tone2, 0x1f3c4,0x1f3fc,0x2640
woman_surfing_tone3, 0x1f3c4,0x1f3fd,0x2640
woman_surfing_tone4, 0x1f3c4,0x1f3fe,0x2640
woman_surfing_tone5, 0x1f3c4,0x1f3ff,0x2640
person_surfing, 0x1f3c4
person_surfing_tone1, 0x1f3c4,0x1f3fb
person_surfing_tone2, 0x1f3c4,0x1f3fc
person_surfing_tone3, 0x1f3c4,0x1f3fd
person_surfing_tone4, 0x1f3c4,0x1f3fe
person_surfing_tone5, 0x1f3c4,0x1f3ff
man_surfing, 0x1f3c4,0x2642
man_surfing_tone5, 0x1f3c4,0x1f3ff,0x2642
man_surfing_tone4, 0x1f3c4,0x1f3fe,0x2642
man_surfing_tone3, 0x1f3c4,0x1f3fd,0x2642
man_surfing_tone2, 0x1f3c4,0x1f3fc,0x2642
man_surfing_tone1, 0x1f3c4,0x1f3fb,0x2642
woman_swimming, 0x1f3ca,0x2640
woman_swimming_tone1, 0x1f3ca,0x1f3fb,0x2640
woman_swimming_tone2, 0x1f3ca,0x1f3fc,0x2640
woman_swimming_tone3, 0x1f3ca,0x1f3fd,0x2640
woman_swimming_tone4, 0x1f3ca,0x1f3fe,0x2640
woman_swimming_tone5, 0x1f3ca,0x1f3ff,0x2640
person_swimming, 0x1f3ca
person_swimming_tone1, 0x1f3ca,0x1f3fb
person_swimming_tone2, 0x1f3ca,0x1f3fc
person_swimming_tone3, 0x1f3ca,0x1f3fd
person_swimming_tone4, 0x1f3ca,0x1f3fe
person_swimming_tone5, 0x1f3ca,0x1f3ff
man_swimming, 0x1f3ca,0x2642
man_swimming_tone5, 0x1f3ca,0x1f3ff,0x2642
man_swimming_tone4, 0x1f3ca,0x1f3fe,0x2642
man_swimming_tone3, 0x1f3ca,0x1f3fd,0x2642
man_swimming_tone2, 0x1f3ca,0x1f3fc,0x2642
man_swimming_tone1, 0x1f3ca,0x1f3fb,0x2642
woman_playing_water_polo, 0x1f93d,0x2640
woman_playing_water_polo_tone1, 0x1f93d,0x1f3fb,0x2640
woman_playing_water_polo_tone2, 0x1f93d,0x1f3fc,0x2640
woman_playing_water_polo_tone3, 0x1f93d,0x1f3fd,0x2640
woman_playing_water_polo_tone4, 0x1f93d,0x1f3fe,0x2640
woman_playing_water_polo_tone5, 0x1f93d,0x1f3ff,0x2640
man_playing_water_polo, 0x1f93d,0x2642
man_playing_water_polo_tone1, 0x1f93d,0x1f3fb,0x2642
man_playing_water_polo_tone2, 0x1f93d,0x1f3fc,0x2642
man_playing_water_polo_tone3, 0x1f93d,0x1f3fd,0x2642
man_playing_water_polo_tone4, 0x1f93d,0x1f3fe,0x2642
man_playing_water_polo_tone5, 0x1f93d,0x1f3ff,0x2642
person_playing_water_polo, 0x1f93d
person_playing_water_polo_tone1, 0x1f93d,0x1f3fb
person_playing_water_polo_tone2, 0x1f93d,0x1f3fc
person_playing_water_polo_tone3, 0x1f93d,0x1f3fd
person_playing_water_polo_tone4, 0x1f93d,0x1f3fe
person_playing_water_polo_tone5, 0x1f93d,0x1f3ff
woman_rowing_boat, 0x1f6a3,0x2640
woman_rowing_boat_tone1, 0x1f6a3,0x1f3fb,0x2640
woman_rowing_boat_tone2, 0x1f6a3,0x1f3fc,0x2640
woman_rowing_boat_tone3, 0x1f6a3,0x1f3fd,0x2640
woman_rowing_boat_tone4, 0x1f6a3,0x1f3fe,0x2640
woman_rowing_boat_tone5, 0x1f6a3,0x1f3ff,0x2640
person_rowing_boat, 0x1f6a3
person_rowing_boat_tone1, 0x1f6a3,0x1f3fb
person_rowing_boat_tone2, 0x1f6a3,0x1f3fc
person_rowing_boat_tone3, 0x1f6a3,0x1f3fd
person_rowing_boat_tone4, 0x1f6a3,0x1f3fe
person_rowing_boat_tone5, 0x1f6a3,0x1f3ff
man_rowing_boat, 0x1f6a3,0x2642
man_rowing_boat_tone5, 0x1f6a3,0x1f3ff,0x2642
man_rowing_boat_tone4, 0x1f6a3,0x1f3fe,0x2642
man_rowing_boat_tone3, 0x1f6a3,0x1f3fd,0x2642
man_rowing_boat_tone2, 0x1f6a3,0x1f3fc,0x2642
man_rowing_boat_tone1, 0x1f6a3,0x1f3fb,0x2642
horse_racing, 0x1f3c7
horse_racing_tone1, 0x1f3c7,0x1f3fb
horse_racing_tone2, 0x1f3c7,0x1f3fc
horse_racing_tone3, 0x1f3c7,0x1f3fd
horse_racing_tone4, 0x1f3c7,0x1f3fe
horse_racing_tone5, 0x1f3c7,0x1f3ff
woman_biking, 0x1f6b4,0x2640
woman_biking_tone1, 0x1f6b4,0x1f3fb,0x2640
woman_biking_tone2, 0x1f6b4,0x1f3fc,0x2640
woman_biking_tone3, 0x1f6b4,0x1f3fd,0x2640
woman_biking_tone4, 0x1f6b4,0x1f3fe,0x2640
woman_biking_tone5, 0x1f6b4,0x1f3ff,0x2640
person_biking, 0x1f6b4
person_biking_tone1, 0x1f6b4,0x1f3fb
person_biking_tone2, 0x1f6b4,0x1f3fc
person_biking_tone3, 0x1f6b4,0x1f3fd
person_biking_tone4, 0x1f6b4,0x1f3fe
person_biking_tone5, 0x1f6b4,0x1f3ff
man_biking, 0x1f6b4,0x2642
man_biking_tone5, 0x1f6b4,0x1f3ff,0x2642
man_biking_tone4, 0x1f6b4,0x1f3fe,0x2642
man_biking_tone3, 0x1f6b4,0x1f3fd,0x2642
man_biking_tone2, 0x1f6b4,0x1f3fc,0x2642
man_biking_tone1, 0x1f6b4,0x1f3fb,0x2642
woman_mountain_biking, 0x1f6b5,0x2640
woman_mountain_biking_tone1, 0x1f6b5,0x1f3fb,0x2640
woman_mountain_biking_tone2, 0x1f6b5,0x1f3fc,0x2640
woman_mountain_biking_tone3, 0x1f6b5,0x1f3fd,0x2640
woman_mountain_biking_tone4, 0x1f6b5,0x1f3fe,0x2640
woman_mountain_biking_tone5, 0x1f6b5,0x1f3ff,0x2640
person_mountain_biking, 0x1f6b5
person_mountain_biking_tone1, 0x1f6b5,0x1f3fb
person_mountain_biking_tone2, 0x1f6b5,0x1f3fc
person_mountain_biking_tone3, 0x1f6b5,0x1f3fd
person_mountain_biking_tone4, 0x1f6b5,0x1f3fe
person_mountain_biking_tone5, 0x1f6b5,0x1f3ff
man_mountain_biking, 0x1f6b5,0x2642
man_mountain_biking_tone5, 0x1f6b5,0x1f3ff,0x2642
man_mountain_biking_tone4, 0x1f6b5,0x1f3fe,0x2642
man_mountain_biking_tone3, 0x1f6b5,0x1f3fd,0x2642
man_mountain_biking_tone2, 0x1f6b5,0x1f3fc,0x2642
man_mountain_biking_tone1, 0x1f6b5,0x1f3fb,0x2642
running_shirt_with_sash, 0x1f3bd
medal, 0x1f3c5
military_medal, 0x1f396
first_place, 0x1f947
second_place, 0x1f948
third_place, 0x1f949
trophy, 0x1f3c6
rosette, 0x1f3f5
reminder_ribbon, 0x1f397
ticket, 0x1f3ab
tickets, 0x1f39f
circus_tent, 0x1f3aa
woman_juggling, 0x1f939,0x2640
woman_juggling_tone1, 0x1f939,0x1f3fb,0x2640
woman_juggling_tone2, 0x1f939,0x1f3fc,0x2640
woman_juggling_tone3, 0x1f939,0x1f3fd,0x2640
woman_juggling_tone4, 0x1f939,0x1f3fe,0x2640
woman_juggling_tone5, 0x1f939,0x1f3ff,0x2640
man_juggling, 0x1f939,0x2642
man_juggling_tone1, 0x1f939,0x1f3fb,0x2642
man_juggling_tone2, 0x1f939,0x1f3fc,0x2642
man_juggling_tone3, 0x1f939,0x1f3fd,0x2642
man_juggling_tone4, 0x1f939,0x1f3fe,0x2642
man_juggling_tone5, 0x1f939,0x1f3ff,0x2642
person_juggling, 0x1f939
person_juggling_tone1, 0x1f939,0x1f3fb
person_juggling_tone2, 0x1f939,0x1f3fc
person_juggling_tone3, 0x1f939,0x1f3fd
person_juggling_tone4, 0x1f939,0x1f3fe
person_juggling_tone5, 0x1f939,0x1f3ff
performing_arts, 0x1f3ad
art, 0x1f3a8
clapper, 0x1f3ac
microphone, 0x1f3a4
headphones, 0x1f3a7
musical_score, 0x1f3bc
musical_keyboard, 0x1f3b9
drum, 0x1f941
saxophone, 0x1f3b7
trumpet, 0x1f3ba
guitar, 0x1f3b8
violin, 0x1f3bb
game_die, 0x1f3b2
dart, 0x1f3af
bowling, 0x1f3b3
video_game, 0x1f3ae
slot_machine, 0x1f3b0
red_car, 0x1f697
taxi, 0x1f695
blue_car, 0x1f699
bus, 0x1f68c
trolleybus, 0x1f68e
race_car, 0x1f3ce
police_car, 0x1f693
ambulance, 0x1f691
fire_engine, 0x1f692
minibus, 0x1f690
truck, 0x1f69a
articulated_lorry, 0x1f69b
tractor, 0x1f69c
scooter, 0x1f6f4
bike, 0x1f6b2
motor_scooter, 0x1f6f5
motorcycle, 0x1f3cd
rotating_light, 0x1f6a8
oncoming_police_car, 0x1f694
oncoming_bus, 0x1f68d
oncoming_automobile, 0x1f698
oncoming_taxi, 0x1f696
aerial_tramway, 0x1f6a1
mountain_cableway, 0x1f6a0
suspension_railway, 0x1f69f
railway_car, 0x1f683
train, 0x1f68b
mountain_railway, 0x1f69e
monorail, 0x1f69d
bullettrain_side, 0x1f684
bullettrain_front, 0x1f685
light_rail, 0x1f688
steam_locomotive, 0x1f682
train2, 0x1f686
metro, 0x1f687
tram, 0x1f68a
station, 0x1f689
helicopter, 0x1f681
airplane_small, 0x1f6e9
airplane_departure, 0x1f6eb
airplane_arriving, 0x1f6ec
rocket, 0x1f680
satellite_orbital, 0x1f6f0
seat, 0x1f4ba
canoe, 0x1f6f6
sailboat, 0x26f5
motorboat, 0x1f6e5
speedboat, 0x1f6a4
cruise_ship, 0x1f6f3
ferry, 0x26f4
ship, 0x1f6a2
construction, 0x1f6a7
fuelpump, 0x26fd
busstop, 0x1f68f
vertical_traffic_light, 0x1f6a6
traffic_light, 0x1f6a5
map, 0x1f5fa
moyai, 0x1f5ff
statue_of_liberty, 0x1f5fd
fountain, 0x26f2
tokyo_tower, 0x1f5fc
european_castle, 0x1f3f0
japanese_castle, 0x1f3ef
stadium, 0x1f3df
ferris_wheel, 0x1f3a1
roller_coaster, 0x1f3a2
carousel_horse, 0x1f3a0
beach_umbrella, 0x26f1
beach, 0x1f3d6
island, 0x1f3dd
mountain, 0x26f0
mountain_snow, 0x1f3d4
mount_fuji, 0x1f5fb
volcano, 0x1f30b
desert, 0x1f3dc
camping, 0x1f3d5
tent, 0x26fa
railway_track, 0x1f6e4
motorway, 0x1f6e3
construction_site, 0x1f3d7
factory, 0x1f3ed
house, 0x1f3e0
house_with_garden, 0x1f3e1
homes, 0x1f3d8
house_abandoned, 0x1f3da
office, 0x1f3e2
department_store, 0x1f3ec
post_office, 0x1f3e3
european_post_office, 0x1f3e4
hospital, 0x1f3e5
bank, 0x1f3e6
hotel, 0x1f3e8
convenience_store, 0x1f3ea
school, 0x1f3eb
love_hotel, 0x1f3e9
wedding, 0x1f492
classical_building, 0x1f3db
church, 0x26ea
mosque, 0x1f54c
synagogue, 0x1f54d
kaaba, 0x1f54b
shinto_shrine, 0x26e9
japan, 0x1f5fe
rice_scene, 0x1f391
park, 0x1f3de
sunrise, 0x1f305
sunrise_over_mountains, 0x1f304
stars, 0x1f320
sparkler, 0x1f387
fireworks, 0x1f386
city_sunset, 0x1f307
city_dusk, 0x1f306
cityscape, 0x1f3d9
night_with_stars, 0x1f303
milky_way, 0x1f30c
bridge_at_night, 0x1f309
foggy, 0x1f301
watch, 0x231a
iphone, 0x1f4f1
calling, 0x1f4f2
computer, 0x1f4bb
desktop, 0x1f5a5
printer, 0x1f5a8
mouse_three_button, 0x1f5b1
trackball, 0x1f5b2
joystick, 0x1f579
compression, 0x1f5dc
minidisc, 0x1f4bd
floppy_disk, 0x1f4be
cd, 0x1f4bf
dvd, 0x1f4c0
vhs, 0x1f4fc
camera, 0x1f4f7
camera_with_flash, 0x1f4f8
video_camera, 0x1f4f9
movie_camera, 0x1f3a5
projector, 0x1f4fd
film_frames, 0x1f39e
telephone_receiver, 0x1f4de
telephone, 0x260e
pager, 0x1f4df
fax, 0x1f4e0
tv, 0x1f4fa
radio, 0x1f4fb
microphone2, 0x1f399
level_slider, 0x1f39a
control_knobs, 0x1f39b
stopwatch, 0x23f1
timer, 0x23f2
alarm_clock, 0x23f0
clock, 0x1f570
hourglass, 0x231b
hourglass_flowing_sand, 0x23f3
satellite, 0x1f4e1
battery, 0x1f50b
electric_plug, 0x1f50c
bulb, 0x1f4a1
flashlight, 0x1f526
candle, 0x1f56f
wastebasket, 0x1f5d1
oil, 0x1f6e2
money_with_wings, 0x1f4b8
dollar, 0x1f4b5
yen, 0x1f4b4
euro, 0x1f4b6
pound, 0x1f4b7
moneybag, 0x1f4b0
credit_card, 0x1f4b3
gem, 0x1f48e
wrench, 0x1f527
hammer, 0x1f528
tools, 0x1f6e0
pick, 0x26cf
nut_and_bolt, 0x1f529
chains, 0x26d3
gun, 0x1f52b
bomb, 0x1f4a3
knife, 0x1f52a
dagger, 0x1f5e1
shield, 0x1f6e1
smoking, 0x1f6ac
coffin, 0x26b0
urn, 0x26b1
amphora, 0x1f3fa
crystal_ball, 0x1f52e
prayer_beads, 0x1f4ff
barber, 0x1f488
telescope, 0x1f52d
microscope, 0x1f52c
hole, 0x1f573
pill, 0x1f48a
syringe, 0x1f489
thermometer, 0x1f321
toilet, 0x1f6bd
potable_water, 0x1f6b0
shower, 0x1f6bf
bathtub, 0x1f6c1
bath, 0x1f6c0
bath_tone1, 0x1f6c0,0x1f3fb
bath_tone2, 0x1f6c0,0x1f3fc
bath_tone3, 0x1f6c0,0x1f3fd
bath_tone4, 0x1f6c0,0x1f3fe
bath_tone5, 0x1f6c0,0x1f3ff
bellhop, 0x1f6ce
key, 0x1f511
key2, 0x1f5dd
door, 0x1f6aa
couch, 0x1f6cb
bed, 0x1f6cf
sleeping_accommodation, 0x1f6cc
person_in_bed_tone1, 0x1f6cc,0x1f3fb
person_in_bed_tone2, 0x1f6cc,0x1f3fc
person_in_bed_tone3, 0x1f6cc,0x1f3fd
person_in_bed_tone4, 0x1f6cc,0x1f3fe
person_in_bed_tone5, 0x1f6cc,0x1f3ff
frame_photo, 0x1f5bc
shopping_bags, 0x1f6cd
shopping_cart, 0x1f6d2
gift, 0x1f381
balloon, 0x1f388
flags, 0x1f38f
ribbon, 0x1f380
confetti_ball, 0x1f38a
tada, 0x1f389
dolls, 0x1f38e
izakaya_lantern, 0x1f3ee
wind_chime, 0x1f390
envelope_with_arrow, 0x1f4e9
incoming_envelope, 0x1f4e8
e-mail, 0x1f4e7
love_letter, 0x1f48c
inbox_tray, 0x1f4e5
outbox_tray, 0x1f4e4
package, 0x1f4e6
label, 0x1f3f7
mailbox_closed, 0x1f4ea
mailbox, 0x1f4eb
mailbox_with_mail, 0x1f4ec
mailbox_with_no_mail, 0x1f4ed
postbox, 0x1f4ee
postal_horn, 0x1f4ef
scroll, 0x1f4dc
page_with_curl, 0x1f4c3
page_facing_up, 0x1f4c4
bookmark_tabs, 0x1f4d1
bar_chart, 0x1f4ca
chart_with_upwards_trend, 0x1f4c8
chart_with_downwards_trend, 0x1f4c9
notepad_spiral, 0x1f5d2
calendar_spiral, 0x1f5d3
calendar, 0x1f4c6
date, 0x1f4c5
card_index, 0x1f4c7
card_box, 0x1f5c3
ballot_box, 0x1f5f3
file_cabinet, 0x1f5c4
clipboard, 0x1f4cb
file_folder, 0x1f4c1
open_file_folder, 0x1f4c2
dividers, 0x1f5c2
newspaper2, 0x1f5de
newspaper, 0x1f4f0
notebook, 0x1f4d3
notebook_with_decorative_cover, 0x1f4d4
ledger, 0x1f4d2
closed_book, 0x1f4d5
green_book, 0x1f4d7
blue_book, 0x1f4d8
orange_book, 0x1f4d9
books, 0x1f4da
book, 0x1f4d6
bookmark, 0x1f516
link, 0x1f517
paperclip, 0x1f4ce
paperclips, 0x1f587
triangular_ruler, 0x1f4d0
straight_ruler, 0x1f4cf
pushpin, 0x1f4cc
round_pushpin, 0x1f4cd
pen_ballpoint, 0x1f58a
pen_fountain, 0x1f58b
paintbrush, 0x1f58c
crayon, 0x1f58d
pencil, 0x1f4dd
pencil2, 0x270f
mag, 0x1f50d
mag_right, 0x1f50e
lock_with_ink_pen, 0x1f50f
closed_lock_with_key, 0x1f510
lock, 0x1f512
unlock, 0x1f513
yellow_heart, 0x1f49b
green_heart, 0x1f49a
blue_heart, 0x1f499
purple_heart, 0x1f49c
black_heart, 0x1f5a4
broken_heart, 0x1f494
two_hearts, 0x1f495
revolving_hearts, 0x1f49e
heartbeat, 0x1f493
heartpulse, 0x1f497
sparkling_heart, 0x1f496
cupid, 0x1f498
gift_heart, 0x1f49d
heart_decoration, 0x1f49f
peace, 0x262e
cross, 0x271d
star_and_crescent, 0x262a
om_symbol, 0x1f549
six_pointed_star, 0x1f52f
menorah, 0x1f54e
yin_yang, 0x262f
place_of_worship, 0x1f6d0
ophiuchus, 0x26ce
gemini, 0x264a
cancer, 0x264b
leo, 0x264c
virgo, 0x264d
libra, 0x264e
scorpius, 0x264f
id, 0x1f194
atom, 0x269b
accept, 0x1f251
mobile_phone_off, 0x1f4f4
vibration_mode, 0x1f4f3
u6709, 0x1f236
u7121, 0x1f21a
u7533, 0x1f238
u55b6, 0x1f23a
u6708, 0x1f237
vs, 0x1f19a
white_flower, 0x1f4ae
ideograph_advantage, 0x1f250
u5408, 0x1f234
u6e80, 0x1f235
u5272, 0x1f239
u7981, 0x1f232
a, 0x1f170
b, 0x1f171
ab, 0x1f18e
cl, 0x1f191
o2, 0x1f17e
sos, 0x1f198
x, 0x274c
o, 0x2b55
octagonal_sign, 0x1f6d1
no_entry, 0x26d4
name_badge, 0x1f4db
no_entry_sign, 0x1f6ab
100, 0x1f4af
anger, 0x1f4a2
no_pedestrians, 0x1f6b7
do_not_litter, 0x1f6af
no_bicycles, 0x1f6b3
non-potable_water, 0x1f6b1
underage, 0x1f51e
no_mobile_phones, 0x1f4f5
no_smoking, 0x1f6ad
bangbang, 0x203c
low_brightness, 0x1f505
high_brightness, 0x1f506
part_alternation_mark, 0x303d
warning, 0x26a0
children_crossing, 0x1f6b8
trident, 0x1f531
fleur-de-lis, 0x269c
beginner, 0x1f530
recycle, 0x267b
u6307, 0x1f22f
chart, 0x1f4b9
negative_squared_cross_mark, 0x274e
globe_with_meridians, 0x1f310
diamond_shape_with_a_dot_inside, 0x1f4a0
m, 0x24c2
cyclone, 0x1f300
zzz, 0x1f4a4
atm, 0x1f3e7
wc, 0x1f6be
wheelchair, 0x267f
parking, 0x1f17f
u7a7a, 0x1f233
sa, 0x1f202
passport_control, 0x1f6c2
customs, 0x1f6c3
baggage_claim, 0x1f6c4
left_luggage, 0x1f6c5
mens, 0x1f6b9
womens, 0x1f6ba
baby_symbol, 0x1f6bc
restroom, 0x1f6bb
put_litter_in_its_place, 0x1f6ae
cinema, 0x1f3a6
signal_strength, 0x1f4f6
koko, 0x1f201
symbols, 0x1f523
abc, 0x1f524
abcd, 0x1f521
capital_abcd, 0x1f520
ng, 0x1f196
ok, 0x1f197
up, 0x1f199
cool, 0x1f192
new, 0x1f195
free, 0x1f193
zero, 0x0030,0x20e3
one, 0x0031,0x20e3
two, 0x0032,0x20e3
three, 0x0033,0x20e3
four, 0x0034,0x20e3
five, 0x0035,0x20e3
six, 0x0036,0x20e3
seven, 0x0037,0x20e3
eight, 0x0038,0x20e3
nine, 0x0039,0x20e3
keycap_ten, 0x1f51f
1234, 0x1f522
hash, 0x0023,0x20e3
asterisk, 0x002a,0x20e3
arrow_forward, 0x25b6
pause_button, 0x23f8
play_pause, 0x23ef
stop_button, 0x23f9
record_button, 0x23fa
eject, 0x23cf
track_next, 0x23ed
track_previous, 0x23ee
fast_forward, 0x23e9
rewind, 0x23ea
arrow_double_up, 0x23eb
arrow_double_down, 0x23ec
arrow_backward, 0x25c0
arrow_up_small, 0x1f53c
arrow_down_small, 0x1f53d
arrow_right, 0x27a1
arrow_left, 0x2b05
arrow_up, 0x2b06
arrow_down, 0x2b07
arrow_right_hook, 0x21aa
leftwards_arrow_with_hook, 0x21a9
twisted_rightwards_arrows, 0x1f500
repeat, 0x1f501
repeat_one, 0x1f502
arrows_counterclockwise, 0x1f504
arrows_clockwise, 0x1f503
musical_note, 0x1f3b5
notes, 0x1f3b6
heavy_dollar_sign, 0x1f4b2
currency_exchange, 0x1f4b1
copyright, 0x00a9
registered, 0x00ae
curly_loop, 0x27b0
loop, 0x27bf
end, 0x1f51a
back, 0x1f519
on, 0x1f51b
top, 0x1f51d
soon, 0x1f51c
radio_button, 0x1f518
white_circle, 0x26aa
black_circle, 0x26ab
red_circle, 0x1f534
blue_circle, 0x1f535
small_red_triangle, 0x1f53a
small_red_triangle_down, 0x1f53b
small_orange_diamond, 0x1f538
small_blue_diamond, 0x1f539
large_orange_diamond, 0x1f536
large_blue_diamond, 0x1f537
white_square_button, 0x1f533
black_square_button, 0x1f532
black_small_square, 0x25aa
white_small_square, 0x25ab
black_medium_small_square, 0x25fe
white_medium_small_square, 0x25fd
black_medium_square, 0x25fc
white_medium_square, 0x25fb
black_large_square, 0x2b1b
white_large_square, 0x2b1c
speaker, 0x1f508
mute, 0x1f507
sound, 0x1f509
loud_sound, 0x1f50a
bell, 0x1f514
no_bell, 0x1f515
mega, 0x1f4e3
loudspeaker, 0x1f4e2
speech_left, 0x1f5e8
eye_in_speech_bubble, 0x1f441,0x1f5e8
speech_balloon, 0x1f4ac
thought_balloon, 0x1f4ad
anger_right, 0x1f5ef
black_joker, 0x1f0cf
flower_playing_cards, 0x1f3b4
mahjong, 0x1f004
clock1, 0x1f550
clock2, 0x1f551
clock3, 0x1f552
clock4, 0x1f553
clock5, 0x1f554
clock6, 0x1f555
clock7, 0x1f556
clock8, 0x1f557
clock9, 0x1f558
clock10, 0x1f559
clock11, 0x1f55a
clock12, 0x1f55b
clock130, 0x1f55c
clock230, 0x1f55d
clock330, 0x1f55e
clock430, 0x1f55f
clock530, 0x1f560
clock630, 0x1f561
clock730, 0x1f562
clock830, 0x1f563
clock930, 0x1f564
clock1030, 0x1f565
clock1130, 0x1f566
clock1230, 0x1f567
flag_white, 0x1f3f3
flag_black, 0x1f3f4
checkered_flag, 0x1f3c1
triangular_flag_on_post, 0x1f6a9
rainbow_flag, 0x1f3f3,0x1f308
flag_af, 0x1f1e6,0x1f1eb
flag_ax, 0x1f1e6,0x1f1fd
flag_al, 0x1f1e6,0x1f1f1
flag_dz, 0x1f1e9,0x1f1ff
flag_as, 0x1f1e6,0x1f1f8
flag_ad, 0x1f1e6,0x1f1e9
flag_ao, 0x1f1e6,0x1f1f4
flag_ai, 0x1f1e6,0x1f1ee
flag_aq, 0x1f1e6,0x1f1f6
flag_ag, 0x1f1e6,0x1f1ec
flag_ar, 0x1f1e6,0x1f1f7
flag_am, 0x1f1e6,0x1f1f2
flag_aw, 0x1f1e6,0x1f1fc
flag_au, 0x1f1e6,0x1f1fa
flag_at, 0x1f1e6,0x1f1f9
flag_az, 0x1f1e6,0x1f1ff
flag_bs, 0x1f1e7,0x1f1f8
flag_bh, 0x1f1e7,0x1f1ed
flag_bd, 0x1f1e7,0x1f1e9
flag_bb, 0x1f1e7,0x1f1e7
flag_by, 0x1f1e7,0x1f1fe
flag_be, 0x1f1e7,0x1f1ea
flag_bz, 0x1f1e7,0x1f1ff
flag_bj, 0x1f1e7,0x1f1ef
flag_bm, 0x1f1e7,0x1f1f2
flag_bt, 0x1f1e7,0x1f1f9
flag_bo, 0x1f1e7,0x1f1f4
flag_ba, 0x1f1e7,0x1f1e6
flag_bw, 0x1f1e7,0x1f1fc
flag_br, 0x1f1e7,0x1f1f7
flag_io, 0x1f1ee,0x1f1f4
flag_vg, 0x1f1fb,0x1f1ec
flag_bn, 0x1f1e7,0x1f1f3
flag_bg, 0x1f1e7,0x1f1ec
flag_bf, 0x1f1e7,0x1f1eb
flag_bi, 0x1f1e7,0x1f1ee
flag_kh, 0x1f1f0,0x1f1ed
flag_cm, 0x1f1e8,0x1f1f2
flag_ca, 0x1f1e8,0x1f1e6
flag_ic, 0x1f1ee,0x1f1e8
flag_cv, 0x1f1e8,0x1f1fb
flag_bq, 0x1f1e7,0x1f1f6
flag_ky, 0x1f1f0,0x1f1fe
flag_cf, 0x1f1e8,0x1f1eb
flag_td, 0x1f1f9,0x1f1e9
flag_cl, 0x1f1e8,0x1f1f1
flag_cn, 0x1f1e8,0x1f1f3
flag_cx, 0x1f1e8,0x1f1fd
flag_cc, 0x1f1e8,0x1f1e8
flag_co, 0x1f1e8,0x1f1f4
flag_km, 0x1f1f0,0x1f1f2
flag_cg, 0x1f1e8,0x1f1ec
flag_cd, 0x1f1e8,0x1f1e9
flag_ck, 0x1f1e8,0x1f1f0
flag_cr, 0x1f1e8,0x1f1f7
flag_ci, 0x1f1e8,0x1f1ee
flag_hr, 0x1f1ed,0x1f1f7
flag_cu, 0x1f1e8,0x1f1fa
flag_cw, 0x1f1e8,0x1f1fc
flag_cy, 0x1f1e8,0x1f1fe
flag_cz, 0x1f1e8,0x1f1ff
flag_dk, 0x1f1e9,0x1f1f0
flag_dj, 0x1f1e9,0x1f1ef
flag_dm, 0x1f1e9,0x1f1f2
flag_do, 0x1f1e9,0x1f1f4
flag_ec, 0x1f1ea,0x1f1e8
flag_eg, 0x1f1ea,0x1f1ec
flag_sv, 0x1f1f8,0x1f1fb
flag_gq, 0x1f1ec,0x1f1f6
flag_er, 0x1f1ea,0x1f1f7
flag_ee, 0x1f1ea,0x1f1ea
flag_et, 0x1f1ea,0x1f1f9
flag_eu, 0x1f1ea,0x1f1fa
flag_fk, 0x1f1eb,0x1f1f0
flag_fo, 0x1f1eb,0x1f1f4
flag_fj, 0x1f1eb,0x1f1ef
flag_fi, 0x1f1eb,0x1f1ee
flag_fr, 0x1f1eb,0x1f1f7
flag_gf, 0x1f1ec,0x1f1eb
flag_pf, 0x1f1f5,0x1f1eb
flag_tf, 0x1f1f9,0x1f1eb
flag_ga, 0x1f1ec,0x1f1e6
flag_gm, 0x1f1ec,0x1f1f2
flag_ge, 0x1f1ec,0x1f1ea
flag_de, 0x1f1e9,0x1f1ea
flag_gh, 0x1f1ec,0x1f1ed
flag_gi, 0x1f1ec,0x1f1ee
flag_gr, 0x1f1ec,0x1f1f7
flag_gl, 0x1f1ec,0x1f1f1
flag_gd, 0x1f1ec,0x1f1e9
flag_gp, 0x1f1ec,0x1f1f5
flag_gu, 0x1f1ec,0x1f1fa
flag_gt, 0x1f1ec,0x1f1f9
flag_gg, 0x1f1ec,0x1f1ec
flag_gn, 0x1f1ec,0x1f1f3
flag_gw, 0x1f1ec,0x1f1fc
flag_gy, 0x1f1ec,0x1f1fe
flag_ht, 0x1f1ed,0x1f1f9
flag_hn, 0x1f1ed,0x1f1f3
flag_hk, 0x1f1ed,0x1f1f0
flag_hu, 0x1f1ed,0x1f1fa
flag_is, 0x1f1ee,0x1f1f8
flag_in, 0x1f1ee,0x1f1f3
flag_id, 0x1f1ee,0x1f1e9
flag_ir, 0x1f1ee,0x1f1f7
flag_iq, 0x1f1ee,0x1f1f6
flag_ie, 0x1f1ee,0x1f1ea
flag_im, 0x1f1ee,0x1f1f2
flag_il, 0x1f1ee,0x1f1f1
flag_it, 0x1f1ee,0x1f1f9
flag_jm, 0x1f1ef,0x1f1f2
flag_jp, 0x1f1ef,0x1f1f5
crossed_flags, 0x1f38c
flag_je, 0x1f1ef,0x1f1ea
flag_jo, 0x1f1ef,0x1f1f4
flag_kz, 0x1f1f0,0x1f1ff
flag_ke, 0x1f1f0,0x1f1ea
flag_ki, 0x1f1f0,0x1f1ee
flag_xk, 0x1f1fd,0x1f1f0
flag_kw, 0x1f1f0,0x1f1fc
flag_kg, 0x1f1f0,0x1f1ec
flag_la, 0x1f1f1,0x1f1e6
flag_lv, 0x1f1f1,0x1f1fb
flag_lb, 0x1f1f1,0x1f1e7
flag_ls, 0x1f1f1,0x1f1f8
flag_lr, 0x1f1f1,0x1f1f7
flag_ly, 0x1f1f1,0x1f1fe
flag_li, 0x1f1f1,0x1f1ee
flag_lt, 0x1f1f1,0x1f1f9
flag_lu, 0x1f1f1,0x1f1fa
flag_mo, 0x1f1f2,0x1f1f4
flag_mk, 0x1f1f2,0x1f1f0
flag_mg, 0x1f1f2,0x1f1ec
flag_mw, 0x1f1f2,0x1f1fc
flag_my, 0x1f1f2,0x1f1fe
flag_mv, 0x1f1f2,0x1f1fb
flag_ml, 0x1f1f2,0x1f1f1
flag_mt, 0x1f1f2,0x1f1f9
flag_mh, 0x1f1f2,0x1f1ed
flag_mq, 0x1f1f2,0x1f1f6
flag_mr, 0x1f1f2,0x1f1f7
flag_mu, 0x1f1f2,0x1f1fa
flag_yt, 0x1f1fe,0x1f1f9
flag_mx, 0x1f1f2,0x1f1fd
flag_fm, 0x1f1eb,0x1f1f2
flag_md, 0x1f1f2,0x1f1e9
flag_mc, 0x1f1f2,0x1f1e8
flag_mn, 0x1f1f2,0x1f1f3
flag_me, 0x1f1f2,0x1f1ea
flag_ms, 0x1f1f2,0x1f1f8
flag_ma, 0x1f1f2,0x1f1e6
flag_mz, 0x1f1f2,0x1f1ff
flag_mm, 0x1f1f2,0x1f1f2
flag_na, 0x1f1f3,0x1f1e6
flag_nr, 0x1f1f3,0x1f1f7
flag_np, 0x1f1f3,0x1f1f5
flag_nl, 0x1f1f3,0x1f1f1
flag_nc, 0x1f1f3,0x1f1e8
flag_nz, 0x1f1f3,0x1f1ff
flag_ni, 0x1f1f3,0x1f1ee
flag_ne, 0x1f1f3,0x1f1ea
flag_ng, 0x1f1f3,0x1f1ec
flag_nu, 0x1f1f3,0x1f1fa
flag_nf, 0x1f1f3,0x1f1eb
flag_kp, 0x1f1f0,0x1f1f5
flag_mp, 0x1f1f2,0x1f1f5
flag_no, 0x1f1f3,0x1f1f4
flag_om, 0x1f1f4,0x1f1f2
flag_pk, 0x1f1f5,0x1f1f0
flag_pw, 0x1f1f5,0x1f1fc
flag_ps, 0x1f1f5,0x1f1f8
flag_pa, 0x1f1f5,0x1f1e6
flag_pg, 0x1f1f5,0x1f1ec
flag_py, 0x1f1f5,0x1f1fe
flag_pe, 0x1f1f5,0x1f1ea
flag_ph, 0x1f1f5,0x1f1ed
flag_pn, 0x1f1f5,0x1f1f3
flag_pl, 0x1f1f5,0x1f1f1
flag_pt, 0x1f1f5,0x1f1f9
flag_pr, 0x1f1f5,0x1f1f7
flag_qa, 0x1f1f6,0x1f1e6
flag_re, 0x1f1f7,0x1f1ea
flag_ro, 0x1f1f7,0x1f1f4
flag_ru, 0x1f1f7,0x1f1fa
flag_rw, 0x1f1f7,0x1f1fc
flag_ws, 0x1f1fc,0x1f1f8
flag_sm, 0x1f1f8,0x1f1f2
flag_st, 0x1f1f8,0x1f1f9
flag_sa, 0x1f1f8,0x1f1e6
flag_sn, 0x1f1f8,0x1f1f3
flag_rs, 0x1f1f7,0x1f1f8
flag_sc, 0x1f1f8,0x1f1e8
flag_sl, 0x1f1f8,0x1f1f1
flag_sg, 0x1f1f8,0x1f1ec
flag_sx, 0x1f1f8,0x1f1fd
flag_sk, 0x1f1f8,0x1f1f0
flag_si, 0x1f1f8,0x1f1ee
flag_gs, 0x1f1ec,0x1f1f8
flag_sb, 0x1f1f8,0x1f1e7
flag_so, 0x1f1f8,0x1f1f4
flag_za, 0x1f1ff,0x1f1e6
flag_kr, 0x1f1f0,0x1f1f7
flag_ss, 0x1f1f8,0x1f1f8
flag_es, 0x1f1ea,0x1f1f8
flag_lk, 0x1f1f1,0x1f1f0
flag_bl, 0x1f1e7,0x1f1f1
flag_sh, 0x1f1f8,0x1f1ed
flag_kn, 0x1f1f0,0x1f1f3
flag_lc, 0x1f1f1,0x1f1e8
flag_pm, 0x1f1f5,0x1f1f2
flag_vc, 0x1f1fb,0x1f1e8
flag_sd, 0x1f1f8,0x1f1e9
flag_sr, 0x1f1f8,0x1f1f7
flag_sz, 0x1f1f8,0x1f1ff
flag_se, 0x1f1f8,0x1f1ea
flag_ch, 0x1f1e8,0x1f1ed
flag_sy, 0x1f1f8,0x1f1fe
flag_tw, 0x1f1f9,0x1f1fc
flag_tj, 0x1f1f9,0x1f1ef
flag_tz, 0x1f1f9,0x1f1ff
flag_th, 0x1f1f9,0x1f1ed
flag_tl, 0x1f1f9,0x1f1f1
flag_tg, 0x1f1f9,0x1f1ec
flag_tk, 0x1f1f9,0x1f1f0
flag_to, 0x1f1f9,0x1f1f4
flag_tt, 0x1f1f9,0x1f1f9
flag_tn, 0x1f1f9,0x1f1f3
flag_tr, 0x1f1f9,0x1f1f7
flag_tm, 0x1f1f9,0x1f1f2
flag_tc, 0x1f1f9,0x1f1e8
flag_tv, 0x1f1f9,0x1f1fb
flag_vi, 0x1f1fb,0x1f1ee
flag_ug, 0x1f1fa,0x1f1ec
flag_ua, 0x1f1fa,0x1f1e6
flag_ae, 0x1f1e6,0x1f1ea
flag_gb, 0x1f1ec,0x1f1e7
flag_us, 0x1f1fa,0x1f1f8
flag_uy, 0x1f1fa,0x1f1fe
flag_uz, 0x1f1fa,0x1f1ff
flag_vu, 0x1f1fb,0x1f1fa
flag_va, 0x1f1fb,0x1f1e6
flag_ve, 0x1f1fb,0x1f1ea
flag_vn, 0x1f1fb,0x1f1f3
flag_wf, 0x1f1fc,0x1f1eb
flag_eh, 0x1f1ea,0x1f1ed
flag_ye, 0x1f1fe,0x1f1ea
flag_zm, 0x1f1ff,0x1f1f2
flag_zw, 0x1f1ff,0x1f1fc
flag_ac, 0x1f1e6,0x1f1e8
flag_ta, 0x1f1f9,0x1f1e6
flag_bv, 0x1f1e7,0x1f1fb
flag_hm, 0x1f1ed,0x1f1f2
flag_sj, 0x1f1f8,0x1f1ef
flag_um, 0x1f1fa,0x1f1f2
flag_ea, 0x1f1ea,0x1f1e6
flag_cp, 0x1f1e8,0x1f1f5
flag_dg, 0x1f1e9,0x1f1ec
flag_mf, 0x1f1f2,0x1f1eb
united_nations, 0x1f1fa,0x1f1f3
asterisk_symbol, 0x002a
regional_indicator_z, 0x1f1ff
regional_indicator_y, 0x1f1fe
regional_indicator_x, 0x1f1fd
pound_symbol, 0x0023
tone1, 0x1f3fb
tone2, 0x1f3fc
tone3, 0x1f3fd
tone4, 0x1f3fe
tone5, 0x1f3ff
regional_indicator_w, 0x1f1fc
regional_indicator_v, 0x1f1fb
regional_indicator_u, 0x1f1fa
regional_indicator_t, 0x1f1f9
regional_indicator_s, 0x1f1f8
regional_indicator_r, 0x1f1f7
regional_indicator_q, 0x1f1f6
regional_indicator_p, 0x1f1f5
regional_indicator_o, 0x1f1f4
regional_indicator_n, 0x1f1f3
regional_indicator_m, 0x1f1f2
regional_indicator_l, 0x1f1f1
regional_indicator_k, 0x1f1f0
regional_indicator_j, 0x1f1ef
regional_indicator_i, 0x1f1ee
regional_indicator_h, 0x1f1ed
regional_indicator_g, 0x1f1ec
regional_indicator_f, 0x1f1eb
regional_indicator_e, 0x1f1ea
regional_indicator_d, 0x1f1e9
regional_indicator_c, 0x1f1e8
regional_indicator_b, 0x1f1e7
regional_indicator_a, 0x1f1e6
digit_nine, 0x0039
digit_eight, 0x0038
digit_seven, 0x0037
digit_six, 0x0036
digit_five, 0x0035
digit_four, 0x0034
digit_three, 0x0033
digit_two, 0x0032
digit_one, 0x0031
digit_zero, 0x0030
family_man_woman_boy, 0x1f468,0x1f469,0x1f466
couple_with_heart_woman_man, 0x1f469,0x2764,0x1f468
kiss_woman_man, 0x1f469,0x2764,0x1f48b,0x1f468